id,lat,lon,Name,Count
0,45.52976024,-122.6966429,NW 22nd at LoveJoy,3350
52,45.52507854,-122.6775563,NW Broadway at Everett,4560
1,45.5229406,-122.6886019,,14
5,45.52247868,-122.6732969,SW 3rd at Ankeny,9716
2,45.5216215,-122.6824147,,58
84,45.52196048,-122.6896772,SW Morrison at 18th,8424
3,45.51928859,-122.6792488,SW Morrison at Pioneer Courthouse Sq.,6381
78,45.53080401,-122.6844227,NW 13th at Marshall,10997
4,45.531477,-122.6844821,,275
127,45.5360712,-122.6852715,,1558
87,45.52175423,-122.6810794,SW 10th at Stark,6885
6,45.50971347,-122.6777159,SW Harrison at 1st,2833
34,45.49913657,-122.6716433,SW Moody at Aerial Tram Terminal,12135
7,45.5230037,-122.6658179,,59
219,45.5171999,-122.6772947,,147
9,45.52373453,-122.6372065,NE 28th at Couch - Community Corral,1780
22,45.51222277,-122.6454261,SE Hawthorne at 20th,3031
10,45.5193178,-122.636005,,41
146,45.51202353,-122.6363119,SE 29th at Hawthorne,2024
11,45.514975,-122.623157,SE Taylor at Chavez,1797
124,45.50512504,-122.6533681,SE Elliott at Division,4414
12,45.5211726,-122.6763654,SW 5th at Oak,7415
270,45.5123205,-122.6789108,SW Market at Keller Fountain Park,4090
13,45.52487653,-122.6965141,NW Everett at 22nd,7549
16,45.52269855,-122.6587513,SE 7th at Burnside,5245
14,45.55905507,-122.6427104,NE Alberta at 22nd - Community Corral,833
15,45.54828551,-122.6508106,NE Fremont at 15th - Community Corral,825
321,45.5590859,-122.6468005,,71
100,45.52389222,-122.6721825,NW Couch at 2nd,3150
17,45.51592353,-122.6833123,SW Park at Portland Art Museum,3943
18,45.51633325,-122.6566324,SE 9th at Belmont,5057
180,45.513661,-122.6587152,,56
19,45.50356665,-122.6395279,SE Clinton at 26th,2615
175,45.53027884,-122.654669,NE 11th at Holladay Park,2864
20,45.5193416,-122.6516153,,114
510,45.4960484,-122.6396204,,141
21,45.5286366,-122.6820195,NW Johnson at Jamison Square,8849
282,45.51609691,-122.6790771,SW 5th at Main,4446
23,45.52331306,-122.6932633,NW 20th at Burnside,5264
69,45.53409115,-122.6949424,NW Raleigh at 21st,6836
24,45.52286956,-122.6789859,SW Park at W Burnside,5183
986,45.520955,-122.6827754,,86
25,45.5356655,-122.6897069,,73
254,45.5230283,-122.6784644,,594
26,45.5590949,-122.6682902,,70
135,45.55522233,-122.6818612,N Prescott at Interstate,1566
27,45.5265471,-122.6812493,,76
28,45.52358836,-122.6619177,NE Couch at MLK,1154
167,45.52374151,-122.6818129,NW Couch at 11th,10383
29,45.5279666,-122.6813021,,108
97,45.53083126,-122.6815957,NW Marshall at Tanner Springs Park,6227
30,45.5293888,-122.6813526,,616
31,45.5282777,-122.6766282,NW Station at Irving,4542
85,45.52634601,-122.6941484,NW Glisan at 21st,5996
32,45.52556242,-122.6892561,NW 18th at Flanders,4815
177,45.52440674,-122.6497686,NE Sandy at 16th,3286
93,45.52297292,-122.6434118,NE 22nd at Burnside,3349
35,45.50910258,-122.6735169,SW River at Montgomery,11282
158,45.51556831,-122.6738924,SW Salmon at Waterfront Park,18302
36,45.5142926,-122.6863885,,666
38,45.51544427,-122.6846749,SW 10th at Columbia,3161
37,45.5252069,-122.6765159,,842
131,45.5033655,-122.6447314,SE Clinton at 21st,3362
39,45.5145332,-122.678756,,85
40,45.52914205,-122.6987028,NW Kearney at 23rd,6062
41,45.53142501,-122.6895659,NW 18th at Northrup,5260
75,45.52279251,-122.6840124,SW Stark at Burnside,7675
42,45.5175854,-122.6759187,,460
111,45.522987,-122.6811288,,543
43,45.5626816,-122.6848305,,41
61,45.5645168,-122.6875268,,48
44,45.51803882,-122.6755822,SW 3rd at Morrison,7388
45,45.52536699,-122.6725459,NW 2nd at Everett,6196
46,45.5169265,-122.6762728,,51
47,45.5106886,-122.6843287,,192
77,45.53211645,-122.6986304,NW 23rd at Overton,5024
48,45.55941042,-122.6685226,N Vancouver at Alberta,2001
63,45.52269573,-122.6703492,SW Naito at Ankeny Plaza,9983
49,45.51898132,-122.6812685,SW Yamhill at Director Park,7917
50,45.5248422,-122.6964086,,494
121,45.52579919,-122.6855063,NW Flanders at 14th,8603
51,45.5180198,-122.6803585,,180
99,45.53550403,-122.7006608,NW Thurman at 24th,4585
473,45.5252254,-122.6755017,,257
65,45.53232501,-122.6824299,NW 11th at The Fields,8043
53,45.55907103,-122.6475437,NE Alberta at 17th - Community Corral,863
71,45.5411956,-122.6970244,,28
54,45.52871176,-122.674166,NW Naito at Ironside,5494
55,45.524531,-122.6744613,,153
56,45.5120818,-122.6533493,SE Ladd at Hawthorne,7945
140,45.5120624,-122.6276497,,58
57,45.523086,-122.6754201,,429
58,45.5238182,-122.674435,,199
107,45.52142066,-122.6726291,SW 2nd at Pine,9379
59,45.49429475,-122.6719048,SW Moody at Thomas,1541
60,45.4939765,-122.6719911,,31
62,45.5264728,-122.685306,,516
117,45.5314984,-122.6566013,,242
64,45.50468892,-122.6345551,SE 30th at Division,3800
66,45.5299294,-122.6753219,,121
67,45.51636144,-122.6460457,SE Belmont at 20th,1865
68,45.5164686,-122.6455714,,52
70,45.52862062,-122.6905073,NW 19th at Johnson,5395
72,45.5251214,-122.6811966,,95
110,45.53508224,-122.6505639,NE 15th at Broadway,3626
73,45.5129442,-122.657744,,244
74,45.52500056,-122.6811048,NW 10th at Everett,4542
89,45.5343597,-122.663693,,32
76,45.53146071,-122.659741,NE Multnomah at Grand,1835
82,45.53496857,-122.653631,NE Broadway at 12th,1979
624,45.5202589,-122.6744682,,260
145,45.51515295,-122.665776,SE Water at Taylor,4861
79,45.53086696,-122.6658887,NE Wheeler at Multnomah,3636
80,45.5307576,-122.6662351,,120
81,45.5186858,-122.6799961,,691
83,45.51889487,-122.6774061,SW 5th at Morrison,7876
96,45.5048638,-122.6547574,,211
495,45.5244572,-122.670218,,75
86,45.54998583,-122.6756573,N Mississippi at Beech,4951
104,45.54179953,-122.6614845,NE MLK at Knott,4183
101,45.522513,-122.6702589,,892
106,45.5251399,-122.6801824,,182
344,45.56197102,-122.6820369,N Interstate at Willamette - Community Corral,341
91,45.5315321,-122.6814345,,581
194,45.5370647,-122.6870447,,98
94,45.5343706,-122.6667376,,492
95,45.52826831,-122.6945615,NW 21st at Johnson,4209
163,45.5178988,-122.6600522,SE Alder at 6th,4294
98,45.5315127,-122.6824564,,368
102,45.55335313,-122.6669146,N Mason at Williams,2941
144,45.5475928,-122.6667604,N Williams at Fremont,4735
103,45.5314262,-122.6875304,,21
105,45.5239044,-122.6702935,,93
602,45.5260135,-122.670676,,32
112,45.5252863,-122.6724697,,498
108,45.5209254,-122.6741073,,88
120,45.5231234,-122.6713456,,596
109,45.51184309,-122.68372,SW Broadway at Smith Memorial Student Union,3433
128,45.5193484,-122.653644,,532
113,45.5048393,-122.6296306,SE 34th at Division,3572
157,45.5088042,-122.6655893,,374
115,45.5024783,-122.6723477,,161
116,45.51782551,-122.6724963,SW Naito at Morrison,5649
173,45.5165284,-122.6607669,,29
118,45.55913676,-122.6554307,NE Alberta at 10th - Community Corral,735
119,45.51816567,-122.6924908,SW 18th at Jefferson,3584
130,45.5264914,-122.6842918,,807
199,45.5240259,-122.6505684,,36
122,45.511907,-122.6294804,SE 34th at Hawthorne,3430
143,45.5237627,-122.6774774,,314
359,45.5172159,-122.655687,,209
125,45.56274555,-122.6480594,NE 17th at Killingsworth - Community Corral,527
236,45.56453067,-122.6305372,NE 33rd at Jarrett (Kennedy School) - Community Corral,479
126,45.51186486,-122.6210475,SE 40th at Hawthorne,1566
940,45.5284672,-122.656532,,37
189,45.51158277,-122.682281,Urban Center Plaza at SW 6th St,2432
181,45.51147657,-122.6662856,SE Clay at Water,5917
325,45.5590672,-122.6419218,,38
129,45.5193552,-122.6556728,,71
139,45.5257661,-122.6536009,,60
629,45.5198656,-122.6758501,,111
133,45.52649493,-122.6416328,NE Glisan at 24th,3197
147,45.5255177,-122.6984635,,52
154,45.51844688,-122.651685,SE 14th at Stark,3141
132,45.5191991,-122.6762108,,223
134,45.53140997,-122.6574612,NE Multnomah at 9th,3224
136,45.5231391,-122.6723799,,749
265,45.5314628,-122.685491,,357
137,45.5290819,-122.6985965,,232
138,45.55458563,-122.6755413,N Mississippi at N Skidmore,2338
168,45.5027677,-122.6714408,Tilikum West at SW Moody,6434
156,45.5379577,-122.6886206,,360
166,45.5300616,-122.6844243,,1112
141,45.5120789,-122.6381592,,30
1789,45.5186777,-122.6657908,,15
151,45.5230046,-122.6801058,,192
142,45.5193586,-122.6566872,,333
148,45.5236962,-122.6811554,,156
149,45.5256856,-122.6893362,,134
150,45.50624163,-122.6633379,SE 2nd Pl at Tilikum Way,6110
152,45.5308296,-122.6814121,,109
153,45.5175793,-122.6725072,,160
170,45.51936283,-122.6359928,SE 29th at Stark,1113
155,45.5388948,-122.6901714,,98
159,45.5205931,-122.637238,SE 28th at Pine - Community Corral,923
160,45.55645437,-122.6603794,NE Going at Grand,2889
161,45.5160179,-122.6842822,,438
162,45.5555064,-122.6605467,,69
164,45.5136673,-122.6607821,,206
165,45.5287476,-122.6776586,,72
171,45.5229504,-122.6831526,,451
202,45.5230674,-122.6764857,,346
169,45.5236794,-122.6821551,,336
172,45.5644626,-122.6306698,,27
174,45.5229602,-122.6627544,,142
343,45.519382,-122.6637877,,1165
178,45.5350668,-122.6575995,,73
176,45.5129509,-122.6597725,,516
196,45.5120427,-122.6182826,,47
179,45.51507401,-122.6870298,SW 12th at Clay,2189
397,45.5193653,-122.6586964,,53
192,45.5120745,-122.6337819,,39
281,45.52771962,-122.6603526,Metro Campus - Community Corral,509
182,45.5115447,-122.6658674,,104
183,45.53290424,-122.68626,NW Pettygrove at 15th,2342
184,45.5533235,-122.6667569,,78
185,45.5218947,-122.6834357,,255
186,45.5152281,-122.6870389,,59
187,45.54471503,-122.6667845,N Morris at Williams,2272
188,45.5347847,-122.6988093,,123
190,45.55908767,-122.6407517,NE Alberta at 24th - Community Corral,360
191,45.5627419,-122.6889932,N Killingsworth at Gay - Community Corral,378
200,45.5128821,-122.6229264,,156
193,45.5197472,-122.6782504,,288
195,45.5229341,-122.6597069,,252
197,45.5546279,-122.6755257,,478
198,45.518278,-122.6813236,,341
227,45.52990305,-122.6628363,NE Holladay at MLK,3399
201,45.5231051,-122.6744101,,42
292,45.523048,-122.6774256,,307
203,45.5136276,-122.6838551,,94
204,45.5153522,-122.6846459,,267
205,45.51649676,-122.6307517,SE Belmont at 33rd,2420
206,45.5120752,-122.6361305,,75
221,45.5120656,-122.6295928,,174
207,45.5264714,-122.6863235,,82
208,45.522783,-122.6811195,,152
209,45.5282986,-122.6823288,,54
210,45.544631,-122.6666666,,45
714,45.5137595,-122.6843666,,108
211,45.520426,-122.6807929,,277
223,45.5236337,-122.6556444,,39
280,45.53477667,-122.6988717,NW Savier at 23rd - Disabled,2181
215,45.5311463,-122.7026942,,25
212,45.5366204,-122.6862613,,109
327,45.5100161,-122.6846943,,215
249,45.5129476,-122.6607846,,24
213,45.5164147,-122.6800628,,111
214,45.5264765,-122.6414203,,105
216,45.5314412,-122.6865198,,90
224,45.50280906,-122.6535398,SE Gideon at 12th Ave MAX station,2660
217,45.50936198,-122.6812121,SW 4th at College,3009
1509,45.5268192,-122.6716911,,15
288,45.5245495,-122.6734472,,1389
220,45.5350329,-122.6466728,,47
312,45.5164567,-122.6295726,,98
222,45.5228795,-122.6872236,,155
225,45.5291643,-122.6371683,,30
384,45.5033295,-122.6537669,,24
266,45.5154692,-122.6794042,,549
233,45.5351676,-122.6350089,,117
228,45.5284438,-122.6945131,,145
817,45.5210891,-122.6804375,,138
229,45.52288,-122.6434778,,111
526,45.5236472,-122.6597021,,101
230,45.5150223,-122.6229225,,37
231,45.5298322,-122.6965946,,189
232,45.56244707,-122.6848358,N Concord at Killingsworth - Community Corral,227
235,45.5300622,-122.6616912,,154
486,45.5251698,-122.6785327,,116
237,45.55076344,-122.6668663,N Failing at Williams,2676
238,45.5363783,-122.6897334,,70
330,45.5200155,-122.6821151,,383
600,45.5196428,-122.6892406,,25
239,45.5350701,-122.6586141,,67
240,45.512023,-122.6836064,,245
241,45.5474656,-122.6666791,,91
242,45.5229722,-122.6821342,,245
243,45.5315017,-122.6834541,,222
244,45.5508003,-122.6667366,,107
264,45.51505334,-122.6788947,SW 4th at Jefferson (City Hall),2053
245,45.5244245,-122.6495537,,58
268,45.5201388,-122.6768712,,571
246,45.507311,-122.681981,,125
247,45.511502,-122.653695,,74
248,45.4964312,-122.6708804,,185
250,45.55568352,-122.6506644,NE 14th Pl at Prescott - Community Corral,402
251,45.5164548,-122.6282071,,28
518,45.5172394,-122.6627873,,68
252,45.5121086,-122.645245,,48
467,45.5250657,-122.684239,,332
429,45.5138682,-122.6791005,,100
253,45.5313884,-122.689548,,83
255,45.5115212,-122.6587287,,32
410,45.5226224,-122.6777869,,491
256,45.5231707,-122.6623275,,40
257,45.5152098,-122.6783895,,329
258,45.5250269,-122.6862674,,18
259,45.5315039,-122.6596531,,101
260,45.56282546,-122.6747467,N Killingsworth at Albina,1707
261,45.5220269,-122.6810799,,167
427,45.5186626,-122.6742051,,193
262,45.5144083,-122.6754329,,110
269,45.519372,-122.6607447,,395
263,45.5133295,-122.6713328,,23
396,45.5153268,-122.6618265,,187
278,45.5186589,-122.6607493,,635
291,45.5286856,-122.6813285,,220
293,45.5409301,-122.6641567,,418
297,45.5200382,-122.6879003,,61
267,45.5229274,-122.657678,,159
289,45.5172057,-122.652644,,186
376,45.527931,-122.6485026,,164
276,45.5286497,-122.6616998,,41
271,45.514397,-122.6658488,,103
272,45.5136729,-122.6618298,,44
273,45.5248982,-122.6933662,,67
274,45.55916922,-122.6514316,NE Alberta at 14th - Community Corral,570
275,45.5200186,-122.6792742,,104
283,45.55902314,-122.6355462,NE Alberta at NE 29th/30th - Community Corral,448
277,45.538053,-122.6667148,,49
387,45.5150733,-122.6546869,,71
279,45.5206819,-122.6817544,,86
287,45.5313325,-122.6925908,,126
824,45.5165163,-122.659749,,65
582,45.5221678,-122.6844566,,325
340,45.5265656,-122.6802351,,95
284,45.5213515,-122.6785527,,70
390,45.524367,-122.6617459,,344
285,45.5238878,-122.6509085,,26
286,45.5097828,-122.6780234,,93
380,45.5128022,-122.6751137,,166
290,45.5092019,-122.6816237,,73
299,45.52651,-122.6832776,,100
310,45.525043,-122.6852545,,183
294,45.512934,-122.6547012,,13
415,45.524775,-122.6996899,,17
295,45.5071786,-122.6743175,,196
296,45.5185327,-122.6765716,,345
300,45.5300761,-122.6834133,,146
298,45.5222612,-122.6733858,,310
301,45.56138522,-122.6303306,NE 33rd at Emerson - Community Corral,178
379,45.5180852,-122.6931962,,90
302,45.5182595,-122.6755506,,177
1761,45.5229001,-122.6495625,,12
304,45.5205321,-122.6754893,,318
305,45.5000094,-122.6717313,,689
419,45.5301343,-122.6803455,,1265
334,45.5410345,-122.6687204,,254
306,45.503012,-122.6541096,,17
350,45.5130821,-122.6818658,,539
307,45.5221695,-122.6901439,,305
308,45.522018,-122.6781919,,308
309,45.559071,-122.6428975,,61
311,45.4992903,-122.6717672,,182
318,45.5120829,-122.6403267,,54
314,45.5348837,-122.6947458,,39
315,45.5354601,-122.7008675,,132
319,45.5266354,-122.6765624,,123
316,45.512695,-122.6832433,,126
317,45.523173,-122.6933136,,125
360,45.5338063,-122.6203344,,15
320,45.514938,-122.6773563,,282
339,45.5228932,-122.6475335,,85
322,45.5215967,-122.6737711,,200
323,45.5194778,-122.6772235,,229
640,45.5327955,-122.6906153,,60
324,45.5293321,-122.6606811,,27
346,45.5150699,-122.6536726,,198
326,45.5225584,-122.673372,,185
979,45.512296,-122.6658565,,60
328,45.5161463,-122.6790375,,238
777,45.516663,-122.6752883,,264
329,45.51196,-122.6257533,SE 37th at Hawthorne - Disabled,1226
1139,45.5048186,-122.6425904,,22
868,45.5164994,-122.6546774,,167
331,45.5065432,-122.6620427,,152
374,45.522975,-122.6637546,,96
692,45.5048222,-122.6435984,,29
333,45.5395941,-122.6677173,,127
335,45.5223193,-122.6900794,,92
430,45.5450023,-122.6719813,,46
336,45.5591147,-122.6555998,,31
337,45.5170806,-122.6797003,,53
338,45.5228648,-122.6392928,,27
373,45.5086555,-122.6547299,,340
342,45.5167987,-122.6729466,,107
476,45.5300183,-122.6864524,,58
345,45.5140232,-122.6853843,,321
347,45.5165062,-122.6567061,,139
348,45.5292312,-122.6904828,,72
472,45.5122119,-122.6516591,,35
349,45.5299441,-122.6905093,,20
351,45.5263053,-122.6944335,,338
352,45.5154699,-122.6736457,,386
353,45.5164092,-122.6743398,,116
355,45.5334337,-122.6946989,,121
354,45.5157425,-122.680425,,116
356,45.5122209,-122.654706,,27
357,45.5120597,-122.6258241,,193
358,45.51748,-122.684565,SW 11th at Main - Disabled,670
361,45.56251948,-122.6770306,N Michigan at Killingsworth - Community Corral,330
362,45.5177479,-122.6822147,,71
682,45.5266787,-122.6735353,,227
832,45.5034617,-122.6614567,,33
364,45.522934,-122.684164,,147
369,45.5129374,-122.6557155,,61
365,45.5270181,-122.69446,,28
366,45.5048596,-122.6537342,,84
367,45.5259752,-122.6734997,,161
368,45.5180127,-122.6927539,,84
370,45.5047991,-122.6295795,,120
371,45.5122152,-122.6536891,,205
477,45.5122903,-122.6638325,,12
372,45.5129304,-122.6536889,,98
375,45.5342212,-122.6906683,,33
529,45.5188307,-122.686236,,36
383,45.5079558,-122.6587523,,111
377,45.5193268,-122.6738442,,128
378,45.5099128,-122.6757731,,280
382,45.5246083,-122.6701985,,78
381,45.5098707,-122.6812436,,99
388,45.5228714,-122.6317108,,26
386,45.5164373,-122.6361002,,23
389,45.530805,-122.6657957,,50
568,45.5121296,-122.6754687,,261
391,45.5262305,-122.6984901,,60
413,45.5195924,-122.674829,,121
1044,45.4981732,-122.6540485,,12
393,45.5208017,-122.6617888,,182
509,45.5058031,-122.6547489,,101
394,45.5293695,-122.6823725,,551
411,45.5228967,-122.6485481,,53
395,45.5186855,-122.6828343,,151
460,45.5174734,-122.6783165,,214
871,45.5124107,-122.6765074,,45
422,45.5164476,-122.6244306,,19
398,45.5252624,-122.6734734,,203
399,45.5069185,-122.6733703,,375
400,45.5314977,-122.6545881,,77
1212,45.5265956,-122.6785969,,90
448,45.5172227,-122.6577156,,92
404,45.5265834,-122.679218,,86
405,45.5211986,-122.6751285,,208
406,45.4988983,-122.6542172,,22
407,45.5230215,-122.679085,,199
408,45.5341466,-122.6947255,,172
409,45.5178549,-122.6769385,,302
439,45.5252439,-122.6744876,,57
424,45.5228877,-122.6464195,,47
414,45.5282107,-122.673371,,200
416,45.5158675,-122.6780176,,60
432,45.5300414,-122.6854175,,625
417,45.5229782,-122.6818492,,141
428,45.5449084,-122.6775915,,371
418,45.5301243,-122.6813778,,126
426,45.5307017,-122.6762415,,55
420,45.5165337,-122.6776568,,47
458,45.5179256,-122.6546679,,104
479,45.508602,-122.6537136,,20
421,45.5165028,-122.6556917,,301
423,45.5164579,-122.6425089,,42
634,45.51623176,-122.6360679,SE 29th at Belmont,1024
425,45.5140223,-122.6825276,,21
449,45.5122277,-122.6567345,,254
494,45.514664,-122.6763653,,76
431,45.5207844,-122.6566213,,151
489,45.5238366,-122.6734209,,886
435,45.5272599,-122.6812757,,201
441,45.5186536,-122.6586654,,113
433,45.5048055,-122.6346596,,98
440,45.515808,-122.6607669,,31
442,45.5350535,-122.6535419,,139
436,45.5142427,-122.6777338,,309
437,45.5137485,-122.6815049,,73
438,45.5213484,-122.6813937,,247
443,45.5200802,-122.6618002,,84
445,45.554626,-122.674989,,122
1535,45.5332849,-122.7027742,,12
620,45.5150867,-122.6587051,,71
454,45.5047947,-122.6262496,,42
447,45.5249169,-122.6923521,,44
456,45.5193174,-122.6370939,,19
450,45.5350569,-122.6545566,,52
457,45.5299813,-122.6884808,,139
451,45.5200657,-122.654653,,162
490,45.5148355,-122.6884049,,98
461,45.5248023,-122.6485379,,31
452,45.5286623,-122.6823504,,183
453,45.5626787,-122.6770005,,28
455,45.5279495,-122.6823139,,53
466,45.5229366,-122.6840002,,234
459,45.5363304,-122.685748,,76
465,45.5120818,-122.6425326,,70
514,45.5507926,-122.6679872,,54
754,45.5343636,-122.660649,,180
583,45.5034095,-122.6729159,,41
469,45.534316,-122.6448424,,15
972,45.5048295,-122.6456377,,17
463,45.5048289,-122.6450982,,18
462,45.5172294,-122.6597443,,112
464,45.5228863,-122.6455088,,30
468,45.52439,-122.6821843,,514
505,45.5215148,-122.6617841,,103
471,45.5231295,-122.6733823,,205
470,45.5241667,-122.6943539,,93
515,45.5374158,-122.6495209,,13
573,45.5248934,-122.6617261,,60
482,45.5263426,-122.6924051,,42
1078,45.5299068,-122.6925377,,70
478,45.5200851,-122.6607401,,187
474,45.5248232,-122.6974423,,49
670,45.5228065,-122.6896956,,49
475,45.5348947,-122.6688776,,23
485,45.5255924,-122.6944069,,79
480,45.508028,-122.6819378,,87
481,45.5173536,-122.6807202,,42
483,45.530808,-122.6637158,,37
484,45.5200615,-122.6536396,,54
487,45.5258342,-122.6812229,,45
488,45.5312579,-122.6966478,,31
537,45.5115347,-122.6628247,,151
492,45.5124884,-122.6680453,,391
491,45.5326462,-122.6987295,,55
497,45.5350469,-122.6525247,,59
501,45.5244745,-122.6775077,,274
507,45.5293354,-122.6616957,,27
504,45.5138446,-122.6732983,,179
496,45.5576728,-122.6615436,,20
513,45.5564139,-122.6615663,,237
498,45.5194711,-122.6720933,,81
502,45.522452,-122.6854938,,24
499,45.5033994,-122.6446348,,77
500,45.5279608,-122.6606895,,24
503,45.534357,-122.6586002,,54
601,45.5283691,-122.6985699,,64
511,45.54107815,-122.6769716,N Russell at Interstate,1204
506,45.5278242,-122.6894156,,42
980,45.5193518,-122.6546584,,30
508,45.5235949,-122.6622209,,196
577,45.5280414,-122.6776231,,277
540,45.5275223,-122.6371863,,11
512,45.4967752,-122.6304761,,20
516,45.5165043,-122.6586885,,372
539,45.5273269,-122.677609,,234
625,45.5143602,-122.6546917,,74
517,45.5265199,-122.6707686,,38
519,45.5272414,-122.6822899,,57
520,45.5122384,-122.6788391,,208
532,45.5200764,-122.6571849,,276
521,45.5315047,-122.6586386,,115
531,45.5158224,-122.6658465,,396
522,45.5208057,-122.6707867,,705
523,45.5164587,-122.6309572,,103
524,45.5119639,-122.6777986,,37
525,45.5193253,-122.643512,,27
552,45.5172259,-122.658691,,63
527,45.5218677,-122.6747676,,62
528,45.5418855,-122.6616111,,148
530,45.5482464,-122.6504109,,23
533,45.5251884,-122.67753,,153
535,45.5251028,-122.6822107,,130
541,45.51428833,-122.6572283,Design Week Portland Pop Up - Disabled,143
536,45.5085689,-122.6650519,,104
538,45.5591044,-122.6516972,,31
542,45.509382,-122.6587429,,33
570,45.5122018,-122.6493827,,72
543,45.5202885,-122.6831361,,57
544,45.5164487,-122.6347976,,47
931,45.5294125,-122.6659616,,14
549,45.5121994,-122.6486205,,62
546,45.5250166,-122.6872859,,21
547,45.5113551,-122.6839679,,147
548,45.5336538,-122.6616691,,43
550,45.5328456,-122.6797659,,95
559,45.5337641,-122.6366764,,61
553,45.5005049,-122.6717222,,101
555,45.5173913,-122.6607569,,32
558,45.5115281,-122.6607962,,24
1151,45.5159966,-122.6756495,,37
593,45.5574255,-122.706466,,40
572,45.527275,-122.6606942,,37
580,45.5591291,-122.6615157,,26
563,45.5285184,-122.6904563,,146
567,45.5495387,-122.6667264,,40
565,45.5184237,-122.681868,,81
1062,45.5421151,-122.6586063,,19
566,45.5198986,-122.6902301,,218
576,45.5228717,-122.6414484,,124
569,45.538562,-122.6896141,,16
575,45.5153551,-122.6818058,,85
571,45.5132018,-122.6794614,,29
679,45.5118686,-122.6801832,,65
579,45.5266679,-122.6745398,,39
587,45.5308499,-122.6328277,,65
578,45.5120493,-122.6212249,,56
850,45.5165812,-122.6217506,,48
585,45.5262679,-122.6964618,,181
591,45.5165734,-122.6194763,,108
584,45.5034396,-122.639666,,76
586,45.5153293,-122.6760058,,35
590,45.5264691,-122.6345073,,92
588,45.5343406,-122.6515172,,31
589,45.5204119,-122.6778923,,174
740,45.5179493,-122.6618073,,80
598,45.52288,-122.6372759,,125
603,45.5048675,-122.6557694,,37
592,45.5251585,-122.6791683,,101
594,45.513891,-122.6877658,,68
597,45.5164514,-122.6258664,,30
595,45.5173998,-122.6618067,,21
596,45.5165636,-122.6863212,,35
608,45.4847598,-122.6397136,,21
604,45.5328735,-122.6370985,,23
599,45.532936,-122.6606599,,35
712,45.5342398,-122.689654,,25
1164,45.4939711,-122.6709606,,58
984,45.5307982,-122.6606624,,89
611,45.5129524,-122.6648464,,45
605,45.5237085,-122.7000256,,22
1070,45.5306755,-122.6895215,,87
1155,45.529259,-122.6536764,,34
613,45.5214706,-122.6704289,,105
617,45.5237829,-122.7005571,,81
606,45.5240541,-122.6989251,,22
610,45.531407,-122.6885338,,101
618,45.5231095,-122.6702964,,60
619,45.5214876,-122.6536298,,95
612,45.5279311,-122.6474994,,88
703,45.5314784,-122.6505241,,46
632,45.5065162,-122.6547442,,237
615,45.529077,-122.6543512,,48
627,45.536518,-122.6199366,,38
616,45.5222999,-122.6821029,,142
675,45.5172091,-122.6536583,,84
847,45.5229375,-122.6607213,,141
621,45.5626863,-122.6749798,,114
622,45.5421213,-122.6616124,,13
1176,45.5122069,-122.6506464,,32
628,45.5201302,-122.6711389,,139
695,45.516687,-122.6810802,,70
630,45.5270927,-122.6904033,,19
631,45.5010151,-122.6675788,,49
636,45.5070357,-122.6451192,,40
633,45.520565,-122.6898693,,35
635,45.5231236,-122.6922851,,94
637,45.5136471,-122.6546965,,104
638,45.4943095,-122.6719737,,68
644,45.521542,-122.706764,,519
711,45.5627439,-122.6621037,,24
641,45.5089235,-122.6817643,,40
642,45.5286447,-122.6606803,,18
669,45.5114476,-122.675858,,99
643,45.5319333,-122.6987029,,154
645,45.5236529,-122.6617728,,134
647,45.5186624,-122.6618026,,36
646,45.52002,-122.6914901,,16
1587,45.5229152,-122.6546347,,41
653,45.5905459,-122.7552631,,16
650,45.512248,-122.6607846,,52
648,45.522914,-122.6536202,,18
649,45.5233209,-122.6963404,,39
907,45.5189549,-122.6838536,,123
651,45.5355355,-122.6968141,,165
662,45.5236658,-122.6515857,,28
659,45.512064,-122.6286668,,41
658,45.5590381,-122.6338394,,30
671,45.5120681,-122.6308899,,61
652,45.5615163,-122.6306702,,20
656,45.5193521,-122.679635,,154
655,45.5150935,-122.6607727,,136
657,45.5172733,-122.6627866,,62
660,45.5276562,-122.6985433,,92
680,45.5048505,-122.6517163,,14
663,45.554593,-122.6734032,,14
665,45.5351002,-122.6636873,,239
718,45.505298,-122.6141167,,27
666,45.5155259,-122.6880608,,53
730,45.5221371,-122.6372902,,320
667,45.5174651,-122.6725753,,22
676,45.5191933,-122.6999983,,100
672,45.5354975,-122.6988359,,132
1185,45.5265582,-122.6617021,,29
674,45.5353866,-122.7048438,,23
673,45.5139244,-122.6735944,,37
678,45.5350378,-122.648469,,47
1102,45.5193687,-122.6597303,,360
677,45.559818,-122.6683589,,35
686,45.5266153,-122.6775827,,31
681,45.5058822,-122.6619588,,18
685,45.5699342,-122.673821,,36
683,45.517939,-122.6586863,,30
687,45.5207746,-122.6536346,,50
696,45.5262985,-122.670732,,28
704,45.5072293,-122.6547394,,26
688,45.5482657,-122.6679654,,25
713,45.4939839,-122.6486037,,104
689,45.5300596,-122.6606764,,181
1716,45.5264713,-122.6372134,,47
690,45.530109,-122.6772893,,12
699,45.5133558,-122.6828884,,24
691,45.5215064,-122.684831,,98
693,45.5520542,-122.6679973,,20
697,45.534354,-122.6555756,,33
698,45.5207307,-122.6373145,,42
708,45.5343098,-122.6430072,,160
700,45.5230461,-122.6678137,,12
1161,45.5230114,-122.6662437,,101
719,45.5132329,-122.688131,,409
705,45.5055115,-122.6572596,,11
707,45.5193621,-122.6577553,,181
728,45.5111947,-122.6805467,,41
709,45.5263798,-122.6903768,,13
726,45.5182439,-122.6712208,,25
715,45.5350263,-122.6686344,,75
710,45.5272784,-122.6617082,,30
1690,45.5100783,-122.6537042,,21
949,45.5164465,-122.6391431,,39
716,45.5197742,-122.6869265,,32
717,45.5230877,-122.6695852,,168
2052,45.5172825,-122.6648253,,17
727,45.5120565,-122.6239673,,31
720,45.5321012,-122.6895745,,22
750,45.523074,-122.69128,,76
721,45.5173489,-122.6835569,,43
722,45.5300954,-122.6823954,,119
745,45.5350205,-122.6430025,,63
723,45.501566,-122.6588409,,27
741,45.5142733,-122.6835026,,56
724,45.5150969,-122.6618269,,30
734,45.5263984,-122.6893626,,78
1500,45.4816704,-122.6496651,,12
737,45.5351065,-122.6657193,,18
1958,45.5193163,-122.6348403,,19
735,45.5128086,-122.680844,,36
736,45.5229324,-122.6592004,,78
738,45.5221732,-122.6455111,,25
764,45.5394642,-122.6755575,,16
933,45.512246,-122.6618417,,36
739,45.5250843,-122.6832248,,125
865,45.5143568,-122.6536774,,94
744,45.5240602,-122.6984091,,72
742,45.5129408,-122.6567298,,116
746,45.5193381,-122.6654538,,22
758,45.5350602,-122.6555712,,65
743,45.5206847,-122.6789069,,163
753,45.5356808,-122.6209495,,14
769,45.5093654,-122.6850602,,21
749,45.5265285,-122.6822635,,138
747,45.5207757,-122.6546473,,135
756,45.5093865,-122.6608269,,197
748,45.5193853,-122.6648021,,62
751,45.5252992,-122.6714625,,107
752,45.5258157,-122.6822371,,22
755,45.5017014,-122.6719019,,27
1037,45.5048405,-122.648675,,11
890,45.5286591,-122.6657755,,17
757,45.5151101,-122.6658442,,109
761,45.5179418,-122.660756,,52
762,45.5122243,-122.6557203,,136
766,45.5122311,-122.6577488,,19
1091,45.5308058,-122.6653568,,48
768,45.5193755,-122.6617981,,24
822,45.504829,-122.645975,,141
819,45.5209424,-122.6798774,,179
771,45.5590455,-122.6353915,,13
775,45.5626942,-122.6729535,,51
774,45.5072499,-122.6623723,,21
776,45.5143804,-122.6607774,,40
778,45.5212282,-122.6837964,,211
780,45.5214925,-122.6556639,,233
779,45.5410101,-122.6727777,,31
791,45.4650415,-122.6530104,,17
789,45.5129458,-122.6638284,,103
781,45.5215113,-122.6607307,,118
792,45.5125392,-122.667354,,32
786,45.5119116,-122.6018764,,11
782,45.532008,-122.6946458,,17
785,45.5266523,-122.6755544,,89
788,45.53334333,-122.6975367,Best Of Portland Block Party - Disabled,17
797,45.51286667,-122.67487,Blues Fest - SW Waterfront at Clay - Disabled,823
794,45.5193417,-122.6824792,,243
799,45.5157998,-122.6587004,,114
798,45.5134298,-122.674732,,18
956,45.5278228,-122.6727625,,53
802,45.5177466,-122.6793375,,191
808,45.5298695,-122.6945662,,47
804,45.56271655,-122.6350486,NE Killingsworth at 30th - Community Corral,175
1417,45.5565967,-122.7043229,,11
805,45.4977943,-122.6376041,,43
811,45.5520758,-122.6615706,,32
807,45.5590896,-122.6477762,,35
878,45.5717795,-122.6567907,,47
810,45.512077,-122.6371452,,17
1076,45.517192,-122.6485866,,17
1994,45.5115407,-122.6648548,,18
813,45.518926,-122.6751897,,86
816,45.5377816,-122.6209532,,15
833,45.5264711,-122.6359119,,73
814,45.57178,-122.6573569,,12
826,45.5664042,-122.6370847,,32
818,45.5047943,-122.6257187,,29
825,45.5482729,-122.6586039,,42
815,45.5193312,-122.6485721,,25
1923,45.523471,-122.6982852,,12
821,45.5351651,-122.6332533,,42
823,45.5365648,-122.618934,,12
827,45.5343546,-122.6576039,,42
829,45.5410207,-122.6771278,,22
870,45.5086689,-122.6587476,,102
830,45.516021,-122.681443,,49
1665,45.5080632,-122.6632161,,31
831,45.5120609,-122.626765,,85
834,45.5350434,-122.6504884,,97
861,45.5208322,-122.6908689,,96
1588,45.5185553,-122.6731831,,19
835,45.5546299,-122.6760619,,40
941,45.5343611,-122.6596357,,41
838,45.538894,-122.6747455,,12
898,45.5105362,-122.6808937,,65
908,45.5421143,-122.6575561,,14
840,45.5193347,-122.6495865,,94
841,45.5182799,-122.6842217,,38
876,45.5048117,-122.639617,,33
843,45.5122977,-122.6673146,,85
844,45.5125262,-122.6798017,,42
1063,45.5122851,-122.6628209,,22
845,45.5193787,-122.6627733,,54
849,45.5330415,-122.6667571,,25
848,45.5203017,-122.6888852,,45
846,45.5162906,-122.6853012,,50
912,45.5350711,-122.6596311,,14
862,45.5279037,-122.6434411,,139
851,45.5249727,-122.6893097,,27
855,45.5244085,-122.6811702,,154
857,45.5364693,-122.6504889,,44
891,45.519345,-122.6526298,,54
859,45.5236371,-122.6566588,,32
860,45.5161266,-122.6733104,,41
896,45.5626605,-122.6821216,,14
866,45.523595,-122.6372618,,47
885,45.5300898,-122.6647821,,15
867,45.5336505,-122.6606545,,19
1156,45.5172193,-122.6567013,,46
874,45.5314852,-122.6525498,,44
875,45.5120577,-122.6245,,63
879,45.5129282,-122.6784386,,52
881,45.5663516,-122.6604092,,49
882,45.541019,-122.675853,,14
894,45.5120486,-122.6228387,,24
888,45.5194898,-122.6858874,,23
925,45.516527,-122.6229683,,69
892,45.5555029,-122.6595707,,14
895,45.5275122,-122.6414141,,23
902,45.5164496,-122.6401575,,13
897,45.5222279,-122.6617835,,13
900,45.4952962,-122.6396157,,14
903,45.5312952,-122.6946193,,20
901,45.5229092,-122.6852432,,39
962,45.5384442,-122.6744794,,26
906,45.5192848,-122.6161413,,32
904,45.5590625,-122.6404379,,15
1038,45.522924,-122.6566635,,174
916,45.5006364,-122.6446483,,62
910,45.5627189,-122.6480593,,28
921,45.5090834,-122.6840225,,71
915,45.5048489,-122.6507032,,33
914,45.5264297,-122.4963916,,34
913,45.5271113,-122.6893891,,13
917,45.5168246,-122.6873231,,34
920,45.5224406,-122.5183918,,16
922,45.527931,-122.6495171,,13
923,45.5120745,-122.6347864,,27
926,45.54828,-122.6616017,,25
927,45.5482639,-122.6576788,,15
929,45.4949994,-122.6709379,,16
930,45.5127543,-122.6618405,,52
932,45.508083,-122.6295943,,58
934,45.5229308,-122.6586924,,143
937,45.5120468,-122.6202023,,39
1019,45.5395662,-122.66163,,13
938,45.5389964,-122.6616342,,21
1048,45.5107912,-122.6536996,,14
942,45.5387151,-122.6616363,,34
946,45.5344199,-122.623998,,52
1215,45.5115112,-122.655725,,17
947,45.5229036,-122.6505769,,20
1001,45.518016,-122.6831949,,62
953,45.4906033,-122.6327049,,22
950,45.5327209,-122.6946724,,18
952,45.5264458,-122.6873355,,93
1280,45.5350267,-122.6448377,,37
951,45.5182262,-122.6937608,,28
955,45.5482872,-122.6136972,,43
1286,45.52231833,-122.63733,SE Ankeny at 28th - Disabled,279
963,45.5052938,-122.6151829,,57
957,45.5545851,-122.6667671,,55
958,45.5249914,-122.6882955,,24
959,45.5230152,-122.6902358,,134
960,45.5100817,-122.6547203,,37
961,45.5259567,-122.6745139,,58
1073,45.5143736,-122.6587098,,31
969,45.5209759,-122.707823,,266
964,45.5379364,-122.661642,,25
967,45.541016,-122.6748065,,12
1475,45.5164437,-122.6381288,,18
965,45.5229514,-122.6622771,,29
970,45.5176156,-122.6816963,,50
976,45.547176,-122.6616105,,15
974,45.5269434,-122.6985167,,72
973,45.536118,-122.6853566,,37
975,45.5122132,-122.6528071,,32
981,45.5179222,-122.6536535,,122
977,45.5145586,-122.6874113,,28
978,45.5136437,-122.6536822,,26
1005,45.4913187,-122.6486511,,11
982,45.5351031,-122.6647033,,41
983,45.5306569,-122.6905358,,15
989,45.5591092,-122.6668087,,36
987,45.5297948,-122.6986231,,53
1162,45.5157477,-122.6747055,,35
990,45.5467731,-122.6679747,,11
992,45.5297574,-122.7006515,,187
993,45.5248796,-122.6943804,,26
996,45.504798,-122.6275979,,13
1400,45.550808,-122.6615821,,78
995,45.504796,-122.6272664,,17
1004,45.5243344,-122.6372506,,43
997,45.4772504,-122.6721178,,13
1000,45.5555392,-122.6646813,,19
1002,45.527731,-122.6944865,,19
1003,45.5299976,-122.6874872,,47
1018,45.5196219,-122.683496,,33
1008,45.5340719,-122.6987827,,25
1012,45.5120726,-122.6327365,,46
1013,45.5108709,-122.6658888,,57
1180,45.5115491,-122.6638444,,58
1017,45.5242413,-122.6902973,,65
1015,45.5150822,-122.6750629,,32
1016,45.5176228,-122.6845767,,33
1020,45.5115081,-122.6597628,,36
1819,45.521305,-122.6982188,,22
1104,45.5177639,-122.6913873,,32
1039,45.5146831,-122.6821621,,41
1035,45.5156252,-122.6856658,,32
1029,45.5229422,-122.6617822,,32
1025,45.5172023,-122.6516296,,37
1122,45.5041753,-122.6612413,,36
1028,45.5308015,-122.6616867,,41
1030,45.5200339,-122.6455261,,14
1032,45.5122466,-122.6621332,,178
1111,45.5165741,-122.6669225,,18
1033,45.5264171,-122.6883485,,36
1225,45.5335269,-122.6896275,,21
1036,45.5186353,-122.6536487,,11
1040,45.5352558,-122.6736822,,112
1041,45.5102823,-122.6798637,,258
1045,45.5082573,-122.6327248,,16
1069,45.542849,-122.6616054,,28
1049,45.5135947,-122.6780776,,35
1050,45.5429726,-122.6616055,,24
1053,45.5291567,-122.6945396,,29
1054,45.5048258,-122.6446185,,20
1058,45.5162619,-122.6766408,,30
1059,45.4978446,-122.6708393,,30
1092,45.5350635,-122.6565858,,44
1065,45.5241715,-122.6502016,,38
1067,45.5168074,-122.6786794,,78
1234,45.5350724,-122.6606448,,32
1074,45.5771415,-122.682021,,22
1081,45.516171,-122.6877092,,21
1077,45.5259351,-122.6454648,,27
1527,45.5591007,-122.6507034,,31
1213,45.5312205,-122.6986763,,17
1130,45.5322248,-122.6606629,,30
1079,45.5604972,-122.661489,,32
1083,45.5305076,-122.6986497,,16
1142,45.5172321,-122.6607631,,24
1084,45.528537,-122.6894421,,21
1416,45.5149591,-122.6860297,,15
1118,45.5335083,-122.6906418,,91
1089,45.5482477,-122.6514255,,13
1498,45.5168419,-122.6607586,,20
1200,45.5229726,-122.689233,,34
1093,45.520277,-122.6802403,,1287
1771,45.5699384,-122.6924973,,18
1124,45.5339977,-122.7028009,,14
1120,45.535097,-122.6626726,,13
1099,45.5140407,-122.6740414,,11
1100,45.5355569,-122.6957311,,17
1103,45.5305596,-122.6683984,,40
1101,45.5249541,-122.6903238,,22
1107,45.5172302,-122.6612058,,11
1106,45.5253175,-122.6702851,,41
1296,45.524986,-122.678461,NW 8th at Everett - Disabled,3116
1108,45.5100263,-122.6788772,,29
1109,45.5059262,-122.6843303,,18
1110,45.5125118,-122.6675949,,39
1636,45.5347106,-122.7028275,,30
1113,45.5619207,-122.6823818,,22
1115,45.5202259,-122.6922359,,14
1117,45.5047964,-122.6239312,,11
1116,45.5014807,-122.6557978,,20
1119,45.5590822,-122.6458247,,15
1123,45.5343565,-122.6626784,,42
1121,45.5236506,-122.6607166,,19
1230,45.5228783,-122.6359225,,51
1125,45.5123445,-122.6675278,,44
1126,45.5405287,-122.6504624,,59
1129,45.5229206,-122.6556491,,151
1134,45.5275595,-122.6691823,,11
1135,45.5259012,-122.6775564,,67
1136,45.514714,-122.6746944,,13
1137,45.5222093,-122.6546327,,40
1760,45.51745667,-122.66398,Portland Night Market,30
1138,45.5164903,-122.6640767,,16
1451,45.5048083,-122.6366729,,121
1140,45.5232766,-122.6982331,,11
1143,45.5120657,-122.6305888,,38
1278,45.5008894,-122.6531636,,24
1149,45.5235284,-122.6902708,,12
1153,45.5329407,-122.6616736,,15
1159,45.5132599,-122.6019058,,28
1160,45.5222014,-122.6536256,,11
1224,45.5120633,-122.6282238,,43
1163,45.51661167,-122.6721833,Rose Festival - Yamhill - Disabled,318
1167,45.5301913,-122.6345017,,14
1172,45.5126649,-122.677454,,23
1188,45.523547,-122.6892567,,24
1184,45.5265488,-122.6607072,,35
1181,45.5165096,-122.6577204,,93
1177,45.5122356,-122.6658585,,13
1178,45.5007121,-122.6714719,,153
1209,45.5172125,-122.6546726,,31
1183,45.5248017,-122.6984342,,18
1223,45.5491738,-122.6811105,,16
1186,45.5627016,-122.6712119,,24
1208,45.512196,-122.6476063,,67
1198,45.5134753,-122.6804841,,78
1194,45.5320826,-122.6905888,,16
1197,45.5241724,-122.7043239,,11
1201,45.5047892,-122.620381,,23
1199,45.5144089,-122.6840143,,55
1204,45.5203337,-122.6926296,,11
1205,45.5217357,-122.6857012,,61
1207,45.5186387,-122.6546631,,16
1211,45.5277899,-122.6656007,,23
1565,45.5313127,-122.662511,,34
1257,45.5222244,-122.660726,,13
1442,45.52723,-122.6652237,,22
1221,45.5233759,-122.6973996,,19
1219,45.5095105,-122.676977,,11
1220,45.5207982,-122.6607354,,47
1229,45.5193187,-122.6393109,,74
1228,45.5279489,-122.653571,,12
1231,45.5287242,-122.6383046,,44
1233,45.5269453,-122.6704925,,13
1235,45.5627216,-122.6487238,,28
1238,45.533359,-122.6987561,,60
1271,45.5120398,-122.6171399,,26
1425,45.5120304,-122.6131156,,46
1241,45.5627454,-122.6596132,,25
1236,45.5553782,-122.6821805,,31
1247,45.4634741,-122.579057,,14
1239,45.5627439,-122.658702,,16
1242,45.5120285,-122.6123729,,11
1244,45.5229234,-122.68823,,19
1245,45.5482669,-122.6666996,,32
1254,45.5351654,-122.6367159,,19
1248,45.5233445,-122.6968067,,40
1252,45.4971123,-122.6345456,,46
1250,45.4978688,-122.6718497,,20
1251,45.5192204,-122.6848841,,30
1738,45.5627224,-122.6669355,,27
1263,45.5590785,-122.644849,,27
1268,45.546827,-122.6808948,,158
1265,45.4657547,-122.6530094,,32
1267,45.5048042,-122.633582,,34
1501,45.522912,-122.6526015,,109
1714,45.5393258,-122.6749157,,52
1281,45.5268077,-122.6713014,,15
1290,45.5172002,-122.6506168,,26
1283,45.5343161,-122.6494859,,21
1287,45.5236438,-122.6586877,,88
1288,45.559097,-122.6497277,,26
1292,45.5299627,-122.6894951,,281
1294,45.5496125,-122.6809333,,137
1297,45.5084682,-122.6403841,,19
1295,45.5408393,-122.7000576,,14
1299,45.5310027,-122.6697473,,112
1300,45.561945,-122.6825783,N Willamette at Interstate - Disabled,460
1301,45.5101019,-122.6608056,,247
1302,45.5088371,-122.6497605,,104
1303,45.5283035,-122.639385,,35
1309,45.5598261,-122.6306752,,17
1304,45.5317187,-122.6306539,,19
1305,45.5300599,-122.6506042,,48
1307,45.5603443,-122.6497181,,22
1308,45.5201578,-122.7107239,,77
1312,45.4968322,-122.6293242,,48
1313,45.5532631,-122.6912553,,12
1314,45.5393236,-122.6908895,,35
1315,45.549531,-122.6679771,,81
1316,45.5399595,-122.661627,,88
1318,45.5000504,-122.6491645,,80
1320,45.5590609,-122.6399304,,26
1317,45.5410371,-122.6694573,,44
1319,45.5193131,-122.6295633,,23
1323,45.5007181,-122.6603772,,23
1322,45.5265119,-122.6101824,,31
1321,45.5080635,-122.6203287,,22
1324,45.4998176,-122.6396439,,36
1329,45.5591264,-122.6604809,,13
1330,45.5495272,-122.6615927,,51
1331,45.5597101,-122.6821576,,29
1332,45.5494791,-122.6504001,,30
1333,45.5401238,-122.6306893,,12
1334,45.5405782,-122.6199365,,14
1339,45.5192975,-122.6200561,,13
1340,45.4643265,-122.6600267,,16
1344,45.5718794,-122.6397514,,12
1365,45.5048362,-122.6469091,,43
1367,45.52389222,-122.6721824,NW Couch at 2nd,2341
1368,45.5477592,-122.6809187,,14
1369,45.5052859,-122.6171332,,31
1725,45.5158097,-122.6614281,,16
1372,45.5156882,-122.6773569,,15
1374,45.5007886,-122.6527324,,31
1375,45.5278055,-122.6904298,,13
1379,45.5264987,-122.6062781,,59
2036,45.5871048,-122.7605283,,13
1415,45.5462805,-122.6800614,,72
1381,45.5482821,-122.6596305,,35
1389,45.5771943,-122.6801962,,11
1391,45.4643284,-122.6530114,,72
1397,45.4973203,-122.6355736,,27
1476,45.5350868,-122.661658,,16
1395,45.4985855,-122.6718167,,34
1402,45.5264324,-122.6712304,,20
1409,45.495731,-122.6719232,,12
1408,45.4957165,-122.6709091,,47
1411,45.547759,-122.6811316,,27
1413,45.508068,-122.6227273,,11
1419,45.5053745,-122.5975194,,27
1422,45.559043,-122.6348739,,17
1423,45.5236405,-122.6576732,,33
1424,45.5257331,-122.6372284,,34
1426,45.5157787,-122.6536717,,88
1427,45.5298922,-122.6776473,,16
1430,45.5591218,-122.6585294,,26
1431,45.5257407,-122.646015,,15
1432,45.5265591,-122.6454794,,16
1437,45.5120354,-122.6151415,,14
1439,45.5520619,-122.6667467,,20
1440,45.5355346,-122.6213041,,13
1447,45.5347005,-122.6233194,,11
1473,45.4933538,-122.6297967,,22
1449,45.5185625,-122.6852407,,27
1453,45.4927203,-122.6522355,,12
1458,45.4642942,-122.6638457,,75
1455,45.5085384,-122.6488693,,32
1459,45.5590933,-122.648752,,19
1457,45.5147857,-122.6739998,,23
1460,45.5122343,-122.658724,,22
1462,45.5254401,-122.700428,,16
1464,45.5461419,-122.6822249,,19
1474,45.500284,-122.6542325,,37
1467,45.4964431,-122.6719006,,15
1472,45.5048003,-122.6305385,,74
1938,45.5278938,-122.6414106,,13
1481,45.5279034,-122.6404085,,22
1483,45.5232603,-122.6950554,,17
1486,45.5155936,-122.6770042,,13
1489,45.5193088,-122.6258488,,15
1490,45.4990478,-122.6435793,,12
1493,45.5122378,-122.6597773,,51
1494,45.5115078,-122.6547108,,19
1507,45.5228737,-122.6331131,,16
1505,45.5172325,-122.6916725,,20
1504,45.5324237,-122.6289141,,12
1511,45.5143037,-122.6887015,,16
1530,45.5048067,-122.635611,,18
1532,45.504803,-122.6326211,,86
1533,45.4972274,-122.6759299,,11
1537,45.5158982,-122.6866858,,16
1538,45.5250201,-122.6372403,,13
1540,45.5225351,-122.6744118,,16
1546,45.5591173,-122.6565779,,21
1545,45.5447903,-122.6774908,,13
1548,45.5239947,-122.701369,,42
1551,45.4988467,-122.6483275,,12
1549,45.4850563,-122.6767971,,16
1550,45.5048016,-122.631553,,31
1554,45.5412504,-122.6965857,,12
1556,45.5691302,-122.6823087,,12
1560,45.4643319,-122.6590139,,39
1566,45.538421,-122.7125231,,24
1564,45.4664678,-122.6530084,,13
1568,45.4643257,-122.661378,,70
1573,45.4671809,-122.6530074,,11
1569,45.5242052,-122.7033488,,30
1580,45.5355132,-122.7124108,,46
1582,45.5313698,-122.6905623,,35
1620,45.5396261,-122.7231003,,27
1590,45.5164857,-122.6627796,,12
1591,45.4803935,-122.6353167,,17
1593,45.5164986,-122.6536668,,23
1597,45.5264135,-122.5770055,,117
1599,45.5561064,-122.6823997,,16
1635,45.5053064,-122.6120367,,12
1611,45.52045167,-122.6700433,PRIDE - Pine - Disabled,515
1607,45.5135961,-122.6229374,,36
1608,45.5341389,-122.5798598,,12
1612,45.5264782,-122.5950924,,71
1618,45.5590747,-122.6438732,,88
1617,45.556399,-122.6667421,,18
1624,45.571871,-122.6466479,,27
1623,45.4899196,-122.6737426,,20
1627,45.5354787,-122.6998552,,35
1782,45.5627197,-122.689314,,12
1632,45.5191329,-122.6733943,,20
1640,45.5251896,-122.5790645,,26
1639,45.5232464,-122.6253254,,26
1642,45.5157739,-122.6776685,,16
1644,45.5626903,-122.6739641,,14
1646,45.5264192,-122.5780264,,21
1647,45.525667,-122.6903503,,20
1652,45.5370343,-122.6928144,,11
1651,45.5343629,-122.6682769,,30
1654,45.5193018,-122.6244245,,11
1653,45.5146858,-122.6850067,,15
1685,45.5518706,-122.6503794,,13
1662,45.5474724,-122.6679699,,11
1668,45.5120329,-122.6141298,,48
1671,45.5348103,-122.666767,,16
1670,45.5626825,-122.6760011,,26
1673,45.5053712,-122.6016865,,12
1674,45.5520597,-122.6673724,,20
1678,45.5591122,-122.6546242,,60
1679,45.512077,-122.6391742,,16
1684,45.5350951,-122.6411744,,16
1681,45.5627205,-122.6306714,,11
1694,45.5158075,-122.6618169,,12
1706,45.5006137,-122.6521584,,14
1705,45.4987742,-122.6426287,,18
1708,45.5315174,-122.6606563,,16
1742,45.496977,-122.6335541,,11
1717,45.5084636,-122.6367509,,13
1719,45.5482613,-122.656703,,34
1720,45.5048888,-122.6609819,,55
1722,45.5487961,-122.6679712,,18
1726,45.5699291,-122.6748847,,14
1730,45.5591096,-122.6536485,,44
1753,45.5171598,-122.6230007,,36
1744,45.5008343,-122.6717132,,12
1800,45.5627399,-122.6561468,,34
1763,45.5467502,-122.6698672,,17
1769,45.5353146,-122.7088176,,19
1773,45.5626626,-122.6811506,,16
1781,45.5347976,-122.6896739,,19
1784,45.5251891,-122.647492,,11
2131,45.564065,-122.6614356,,15
1790,45.5173144,-122.6671445,,37
1793,45.5232778,-122.6954082,,15
1796,45.5120839,-122.643185,,23
1798,45.5048104,-122.6404228,,13
1802,45.5280084,-122.5790465,,46
1815,45.5273808,-122.7018206,,13
1820,45.5421099,-122.6565414,,19
1822,45.4969574,-122.6277142,,16
1830,45.5182881,-122.6713919,,27
1842,45.5409236,-122.661619,,18
1911,45.5437313,-122.6681493,,11
1846,45.5455306,-122.6616245,,12
1852,45.5611656,-122.6614763,,17
1858,45.55086833,-122.6746217,Mississippi Street Fair - Disabled,59
1862,45.5048097,-122.6376402,,15
1875,45.4643327,-122.6609943,,15
1915,45.5269755,-122.6647027,,11
1884,45.5283903,-122.5790452,,12
1890,45.5047898,-122.6252341,,15
1899,45.5437847,-122.6666725,,14
2009,45.5343235,-122.650493,,15
1905,45.5663795,-122.6955962,,14
1906,45.531476,-122.6494768,,13
1919,45.5446311,-122.6616311,,14
1926,45.532572,-122.7027475,,14
1939,45.5236269,-122.6536155,,21
1942,45.5165668,-122.6161621,,12
1953,45.5410118,-122.6733288,,17
1951,45.5616216,-122.6614677,,12
1968,45.4996327,-122.6542228,,18
1964,45.5343436,-122.6566001,,13
1969,45.47374,-122.6487413,,26
1978,45.5173389,-122.6673913,,37
1981,45.5595267,-122.6942993,,22
1990,45.5921229,-122.7096953,,17
1997,45.5228998,-122.6120414,,14
2251,45.5117259,-122.6769871,,21
2011,45.51811667,-122.6714217,Oregon Brewers Fest - Under Morrison Bridge - Disabled,34
2017,45.5189395,-122.6729726,,31
2028,45.5395909,-122.6667035,,12
2039,45.5034344,-122.6772503,,12
2077,45.5279208,-122.6464847,,14
2094,45.4954666,-122.6085967,,14
2159,45.5664149,-122.6614183,,12
2189,45.5172825,-122.665312,,14
2286,45.5521347,-122.6808974,,12
2243,45.52395667,-122.67169,NW Couch at 1st,530
2261,45.52061833,-122.637245,SE 28th at Pine,61
2262,45.523757,-122.637197,NE 28th at Couch,69
2289,45.554622,-122.666899,N Skidmore at Williams,92
