MMDD,CLIMO,2013,2014,2015,2016,2017,2018,2019,2020,2021,2022,2023,2024
101,22.315,    -NaN,  20.276,  25.870,  18.971,  20.846,  22.891,  13.599,  26.630,  25.787,  22.025,  18.112,  37.510
102,21.813,  25.839,    -NaN,  26.127,    -NaN,  20.350,  21.745,  13.312,  26.024,  24.758,  21.556,  17.516,  36.800
103,21.322,  20.903,  18.892,  24.081,  18.123,  19.864,  21.468,  12.622,  25.767,  23.498,  21.026,  17.338,  36.310
104,20.843,  22.018,  20.059,  22.914,  18.086,  19.435,  21.439,  11.898,  25.380,  22.297,  20.374,  17.103,  35.671
105,20.379,  21.172,  20.234,  22.478,  18.080,  19.000,  21.216,  11.546,  25.253,  21.472,  19.510,  16.402,  35.224
106,19.928,  20.671,  19.296,  21.080,  17.662,  18.143,  20.903,  11.268,  25.329,  20.780,  19.238,  15.645,  34.645
107,19.488,  19.794,  19.155,  19.858,  17.937,  17.494,  20.503,  11.334,  24.631,  20.088,  18.783,  15.247,  34.174
108,19.061,  19.076,  19.086,  18.860,  17.684,  16.500,  19.506,  10.962,  23.273,  19.266,  17.662,  14.606,  32.133
109,18.647,  18.302,  19.312,  18.489,  17.995,  17.018,  18.686,  10.659,  22.571,  18.832,  17.292,  14.474,  32.168
110,18.247,  17.655,  18.503,  18.345,  18.323,  16.429,  18.280,  10.374,  22.291,  17.855,  17.075,  14.497,  31.122
111,17.857,  18.039,  17.601,  18.352,  18.805,  16.051,  17.763,  10.256,  21.781,  17.651,  16.734,  14.506,  30.452
112,17.475,  17.364,  16.707,  17.193,  18.611,  15.849,  17.803,  10.170,  21.138,  17.547,  16.107,  14.334,  30.045
113,17.097,  17.367,  15.995,  17.383,  18.014,  15.591,  17.192,  10.255,  20.390,  17.539,  15.996,  13.956,  29.805
114,16.725,  17.612,  15.865,  16.895,  15.971,  14.869,  16.687,  10.230,  19.519,  16.938,  15.941,  13.896,  29.780
115,16.356,  17.828,  15.154,  16.726,  16.245,  14.428,  16.807,  10.184,  18.452,  16.415,  15.558,  13.879,  29.683
116,15.984,  17.617,  13.924,  16.351,  17.542,  13.830,  16.673,  10.034,  17.858,  15.958,  15.095,  13.656,  29.512
117,15.669,  17.894,  14.918,  15.590,  17.984,  13.429,  16.029,  10.039,  17.419,  16.060,  15.284,  13.510,  28.736
118,15.336,  17.251,  15.079,  15.551,  18.140,  12.397,  15.845,   9.868,  17.170,  15.960,  15.153,  13.153,  28.101
119,15.05,  17.030,  15.926,  15.292,  18.046,  12.136,  15.084,   9.585,  16.801,  15.485,  14.790,  12.889,  27.871
120,14.766,  15.870,  15.376,  15.833,  16.658,  11.489,  14.669,   9.082,  16.019,  15.210,  14.693,  12.790,  27.510
121,14.497,  15.395,  14.696,  15.735,  15.867,  11.536,  14.326,   9.052,  15.523,  14.682,  14.314,  12.535,  26.975
122,14.243,  15.435,  14.486,  16.699,  16.424,  11.610,  14.507,   9.175,  15.236,  14.391,  13.981,  12.218,  26.381
123,14.0,  15.689,  13.748,  17.028,  16.438,  11.556,  14.567,   9.255,  15.573,  14.511,  13.604,  11.818,     NaN
124,13.765,  15.638,  13.656,  17.719,  15.783,  11.330,  14.405,   9.327,  15.170,  14.408,  13.572,  11.124,     NaN
125,13.537,  14.674,  13.479,  17.573,  14.640,  11.280,  14.221,   8.909,  15.569,  14.196,  13.525,  10.986,     NaN
126,13.315,  14.890,  12.931,  17.185,  13.573,  11.140,  14.091,   8.526,  15.375,  13.690,  13.120,  11.032,     NaN
127,13.096,  15.390,  12.003,  16.927,  13.380,  11.551,  13.882,   8.200,  15.414,  13.567,  12.961,  10.565,     NaN
128,12.879,  15.713,  11.206,  16.548,  12.719,  11.400,  13.473,   7.879,  15.831,  13.683,  12.867,  10.205,     NaN
129,12.668,  15.801,  10.984,  15.805,  11.962,  11.488,  13.004,   7.834,  15.478,  13.457,  12.955,  10.042,     NaN
130,12.459,  14.858,  10.273,  14.180,  11.326,  11.598,  12.622,   7.614,  15.558,  13.297,  12.909,   9.592,     NaN
131,12.254,  13.901,   9.491,  14.429,  11.175,  11.108,  12.110,   7.842,  15.383,  12.867,  12.148,   9.139,     NaN
201,12.054,  13.693,   8.875,  14.156,  11.663,  10.541,  11.592,   7.974,  15.021,  12.562,  12.033,   8.908,     NaN
202,11.861,  13.172,   9.215,  13.806,  11.765,  10.090,  11.451,   7.558,  14.849,  12.381,  12.206,   8.824,     NaN
203,11.676,  12.110,   9.586,  15.063,  11.742,   9.598,  11.546,   7.683,  14.657,  12.161,  12.153,   8.757,     NaN
204,11.497,  11.848,   9.682,  16.240,  11.964,   9.208,  11.506,   7.510,  14.133,  12.022,  12.246,   8.755,     NaN
205,11.325,  11.771,  10.030,  17.165,  12.194,   8.910,  11.235,   7.265,  13.816,  11.942,  12.226,   8.503,     NaN
206,11.159,  12.127,   9.785,  17.086,  12.512,   9.018,  10.770,   7.281,  13.826,  11.710,  12.123,   8.330,     NaN
207,11.001,  12.354,   9.897,  17.913,  11.824,   9.006,  10.417,   7.315,  13.609,  11.729,  12.089,   8.266,  22.116
208,10.852,  11.918,   9.804,  17.125,  10.817,   8.674,   9.827,   7.066,  13.197,  11.614,  12.130,   8.228,  20.472
209,10.71,  11.076,   9.173,  16.117,   9.840,   8.482,   9.614,   6.997,  12.496,  11.602,  12.078,   7.808,  19.364
210,10.574,  11.022,   9.356,  16.751,   9.544,   8.291,   9.302,   7.275,  12.535,  11.548,  12.173,   7.427,  18.999
211,10.446,  10.554,   9.295,  16.033,   9.356,   8.433,   9.102,   6.957,  12.000,  11.469,  11.888,   7.417,  18.683
212,10.326,  10.335,   8.684,  14.854,   9.171,   8.621,   8.913,   6.757,  11.479,  11.260,  11.529,   7.253,  18.096
213,10.214,   9.711,   8.679,  14.603,   8.723,   8.700,   8.625,   6.737,  10.943,  10.840,  11.345,   6.998,  17.905
214,10.111,   9.616,   9.254,  13.102,   8.517,   8.611,   8.366,   6.406,  10.763,  10.424,  11.021,   6.744,  17.904
215,10.014,   9.556,   9.288,  12.826,   8.386,   8.334,   7.956,   5.919,  11.325,  10.368,  10.605,   6.948,  18.272
216,9.923,   9.822,   9.960,  13.161,   8.867,   8.013,   7.621,   5.648,  11.085,  10.408,  10.287,   7.012,  18.759
217,9.839,   9.893,  10.454,  12.460,   8.671,   7.986,   7.354,   5.824,  11.123,  10.301,   9.972,   6.826,  19.123
218,9.76,   9.088,  10.629,  12.593,   8.694,   8.306,   6.926,   6.131,  10.772,  10.172,   9.789,   6.446,  19.345
219,9.684,   8.557,  11.063,  13.029,   9.547,   8.747,   7.060,   6.466,  10.270,  10.047,   9.976,   6.208,  19.690
220,9.609,   8.859,  11.544,  12.721,   9.751,   8.840,   6.899,   6.664,   9.919,  10.162,  10.209,   5.643,  19.419
221,9.535,   8.982,  11.504,  12.675,   9.430,   9.100,   6.853,   6.348,   9.716,   9.890,  10.343,   5.611,  19.192
222,9.463,   9.337,    -NaN,  12.972,   9.277,   9.339,   6.388,   6.202,   9.687,   9.611,  10.169,   5.642,  19.342
223,9.391,   9.918,    -NaN,  14.197,   9.936,   9.313,   5.887,    -NaN,   9.967,   9.757,  10.127,   5.602,  19.064
224,9.32,  10.436,    -NaN,  15.051,   9.950,   8.988,   5.297,   6.129,  10.297,   9.661,  10.214,   5.377,  18.572
225,9.251,  10.545,  10.546,  16.537,   9.965,   9.181,   5.070,   5.907,  10.540,   9.225,  10.329,   5.350,  17.953
226,9.188,  10.636,   9.913,  17.070,  10.639,   9.717,   4.978,   5.798,  10.603,   8.666,  10.251,   5.343,  17.782
227,9.134,  10.866,   9.905,  16.475,  11.875,   9.627,   5.142,   5.614,  11.053,   8.279,  10.024,   5.146,  18.252
228,9.089,  10.896,   8.796,  15.277,  12.222,   9.571,   5.222,   5.395,  11.436,   8.144,  10.238,   5.085,  18.948
229,9.053,    -NaN,    -NaN,    -NaN,  11.962,    -NaN,    -NaN,    -NaN,  11.676,    -NaN,    -NaN,    -NaN,  19.199
301,9.027,  11.565,   9.105,  13.990,  12.024,   9.685,   5.264,   5.224,  11.525,   7.946,  10.305,   5.197,  19.425
302,9.011,  10.840,   8.702,  13.070,  11.849,   9.721,   5.318,   4.998,  11.455,   7.911,  10.486,   5.230,  19.139
303,9.003,  11.167,   9.140,  12.993,  12.162,   9.512,   5.080,   4.885,  11.217,   7.683,  10.845,   5.336,  18.879
304,9.003,  10.054,   8.835,  12.438,  12.322,   8.990,   5.267,   4.666,  11.017,   7.810,  11.014,   5.234,  18.910
305,9.009,  11.389,   9.976,  12.456,  13.011,   8.554,   5.552,   4.665,  10.884,   8.072,  11.127,   5.113,  19.078
306,9.023,  11.818,  10.745,  12.080,  12.808,   8.348,   6.050,   5.027,  10.500,   8.516,  10.824,   5.330,  19.460
307,9.041,  10.363,  10.958,  11.693,  12.564,   8.132,   6.148,   5.309,  10.440,   9.038,  10.817,   5.377,  19.824
308,9.065,  10.205,  10.534,  11.246,  12.636,   7.562,   5.805,   4.973,  10.637,   9.137,  10.922,   5.574,  19.906
309,9.093,  10.381,  10.262,  10.788,  11.973,   7.506,   5.304,   5.102,  10.324,   8.997,  10.844,   5.559,  19.815
310,9.125,   9.977,  10.735,  10.066,  10.819,   7.205,   5.311,   5.008,   9.881,   8.444,  10.628,   6.748,  20.343
311,9.16,  10.105,  11.245,   8.878,  10.118,   6.756,   5.418,   5.076,   9.920,   7.971,  10.657,   7.063,  21.348
312,9.196,  10.260,    -NaN,   7.774,  10.139,   6.667,   5.317,   5.503,  10.495,   8.228,  10.879,   7.008,  22.243
313,9.231,  10.815,    -NaN,   7.598,   9.955,   6.919,   5.330,   5.362,  10.653,   7.998,  10.995,   7.436,  23.315
314,9.267,   9.992,    -NaN,   7.720,   9.758,   7.000,   5.115,   5.506,  10.744,   8.003,  11.130,   8.083,  23.584
315,9.303,  10.191,    -NaN,   7.977,   9.811,   7.971,   5.348,   5.364,  10.990,   8.258,  10.786,   8.728,  23.352
316,9.339,  10.976,    -NaN,   8.203,  10.665,   7.565,   5.512,   5.495,  11.380,   8.440,  10.553,   8.973,  23.106
317,9.377,  10.114,  12.409,   7.392,  10.545,   7.541,   5.491,   5.541,  11.366,   8.176,  10.480,   8.844,  22.492
318,9.417,  10.397,  12.848,   9.862,  10.399,   7.653,   5.512,   5.702,  10.960,   8.226,  10.283,   9.277,  22.071
319,9.458,  10.389,  12.590,   9.303,  10.142,   7.851,   5.619,   5.721,  11.028,   8.299,  10.035,   9.218,  21.936
320,9.502,  11.394,  13.113,   9.912,   9.813,   7.667,   5.990,   5.388,  11.357,   8.327,   9.862,   8.908,  21.941
321,9.552,  11.015,  12.599,  10.998,   9.283,   8.007,   6.397,   6.239,  11.416,   8.451,   9.872,   9.005,  21.967
322,9.609,  11.988,  11.880,  12.644,  10.038,   8.358,   7.056,   6.317,  11.489,   8.598,  10.006,   8.825,  23.323
323,9.674,  12.821,  10.445,  14.241,  11.059,   8.399,   7.374,   6.657,  11.219,   9.219,   9.887,   8.753,  23.890
324,9.747,  12.902,  10.117,  15.646,  11.718,   8.840,   7.432,   6.924,  10.872,   9.160,   9.824,   8.613,  24.064
325,9.829,  12.206,   9.924,  15.932,  12.196,   9.061,   7.442,   7.076,  10.590,   9.345,   9.651,   8.748,  24.385
326,9.921,  12.881,  10.577,  15.083,  11.970,   9.561,   7.612,   7.213,  10.782,   9.459,   9.514,   8.793,  25.356
327,10.022,  14.030,  11.429,  14.878,  11.695,  10.051,   7.816,   7.341,  10.948,   9.506,   9.302,   8.623,  26.203
328,10.129,  13.182,  11.692,  15.048,  12.052,  10.285,   7.777,   7.654,  11.123,   9.220,   9.717,   8.690,  26.772
329,10.24,  12.708,  12.354,  14.342,  12.746,  10.699,   7.745,   7.841,  11.338,   8.804,   9.416,   8.443,  27.019
330,10.353,  13.319,  12.786,  12.773,  12.677,  10.947,   7.461,   7.856,    -NaN,   8.508,   9.731,   8.656,  26.633
331,10.465,  13.055,  12.990,  11.604,    -NaN,  11.051,   7.409,   7.799,  11.241,   8.816,   9.749,   8.743,  26.219
401,10.577,  13.355,  12.984,  10.566,  11.905,  11.109,   7.224,   7.929,  11.199,   8.824,   9.582,   8.565,  26.541
402,10.688,  13.476,  12.452,  10.433,  11.567,  11.340,   7.341,   8.467,  11.453,   8.849,   9.561,   8.273,  26.630
403,10.796,  14.027,  11.818,   9.816,  11.685,  10.713,   7.552,   8.675,  11.696,   8.743,   9.788,   8.148,     NaN
404,10.903,  14.189,  11.810,  10.129,  12.654,   9.778,   7.852,   9.243,  12.087,   8.931,   9.931,   8.394,     NaN
405,11.011,  14.003,  11.828,  10.482,  13.423,   9.349,   8.406,   9.808,  12.354,   9.186,  10.048,   8.291,  25.744
406,11.123,  14.667,  12.330,  10.875,  14.146,   9.397,   8.681,   8.757,  12.258,   8.574,  10.049,   8.079,  26.168
407,11.24,  15.136,  12.191,  11.027,  14.481,  10.183,   8.678,   8.651,  12.466,   8.629,  10.182,   8.015,  26.860
408,11.365,  14.832,  12.523,  10.787,  15.087,  12.104,   8.936,   9.216,  12.836,   9.380,  10.157,   7.769,  27.305
409,11.499,  15.036,  12.108,  10.936,  15.923,  13.215,   9.518,   8.895,  13.528,   9.774,  10.152,   7.812,  27.846
410,11.645,  14.710,  11.798,  10.488,  15.593,  13.439,   9.447,   8.776,  14.245,   9.737,  10.293,   8.894,  28.001
411,11.802,  13.931,  11.405,  11.370,  15.052,  13.458,   9.881,   9.152,  15.154,  10.393,  10.155,   9.762,  27.859
412,11.971,    -NaN,  10.913,  11.957,  14.934,  13.353,   9.727,   9.569,  15.811,  10.442,  10.208,  10.126,  27.738
413,12.15,  13.344,  10.852,  10.665,  15.137,  13.465,   9.847,   9.363,  16.422,  10.638,  10.245,  10.602,  27.562
414,12.339,  14.200,  11.381,  10.049,  16.372,  13.060,   9.617,   8.980,  16.495,  10.888,  10.079,  10.950,  27.360
415,12.539,  13.437,  12.108,   9.193,  17.867,  13.158,   9.918,   8.996,  16.302,  11.449,  10.274,  11.150,  27.138
416,12.749,  12.802,  12.006,   8.925,  18.452,  12.897,  10.041,   9.232,  16.523,  11.545,  10.151,  11.182,  27.251
417,12.968,  13.662,  12.017,   8.723,  18.546,  12.759,   9.885,   9.398,  17.156,  11.660,  10.374,  11.201,  27.259
418,13.196,  13.798,  12.711,   9.227,  17.820,  12.146,   9.453,   9.643,  17.593,  11.812,  10.645,  11.747,  27.025
419,13.431,  14.042,  12.882,   9.250,  16.418,  12.387,   9.601,  10.085,  17.948,  11.629,  11.576,  12.310,  26.824
420,13.671,  14.162,  12.474,   9.435,  15.081,  12.524,   9.565,  10.128,  18.105,  11.686,  11.937,  12.435,  27.516
421,13.913,  14.546,  11.442,   9.751,  14.863,  12.197,  10.232,   9.854,  17.987,  12.369,  12.427,  12.588,  27.885
422,14.153,  16.738,  11.391,  10.762,  14.865,  13.094,  10.678,   9.976,  17.910,  12.609,  12.664,  13.130,  28.278
423,14.387,  18.200,  12.038,  11.964,  14.804,  13.788,  10.944,  10.284,  17.886,  13.022,  13.133,  14.283,  28.987
424,14.617,  18.228,  13.519,  13.020,  15.351,  14.575,  11.000,  10.725,  17.918,  13.404,  13.208,  16.334,  29.785
425,14.841,  18.094,  13.377,  14.102,  15.535,  15.255,  11.525,  11.215,  18.082,  13.554,  13.084,  18.174,  30.818
426,15.058,  18.190,  14.642,  15.654,  16.478,  15.453,  11.853,  11.271,  18.228,  14.083,  12.996,  20.292,  31.457
427,15.268,  17.936,  15.350,  16.732,  18.169,  15.777,  12.475,  11.811,  18.026,  14.605,  12.900,  20.712,  31.257
428,15.472,  17.726,  16.122,  16.733,  19.023,  16.100,  12.502,  12.621,  17.960,  14.952,  12.478,  21.319,  32.211
429,15.675,  18.496,  16.094,  16.854,  19.609,  16.809,  12.270,  12.934,  18.099,  15.602,  12.108,  21.736,  32.249
430,15.879,  19.685,  15.793,  17.333,  19.348,  16.986,  12.627,  13.137,  18.284,  15.935,  12.264,  22.030,  32.703
501,16.086,  19.475,  14.996,  16.819,  20.072,  16.641,  12.647,  13.129,  18.244,  15.570,  12.364,  22.719,  32.692
502,16.296,  20.591,  15.432,  17.557,  21.804,  16.688,  12.718,  12.807,  18.348,  15.771,  13.052,  23.270,  32.964
503,16.513,  21.605,  16.981,  18.644,  22.171,  17.013,  12.762,  12.646,  18.172,  16.127,  13.709,  23.750,  33.270
504,16.74,  21.254,  17.495,  20.035,  22.721,  17.218,  12.737,  12.239,  18.005,  16.237,  13.904,  23.906,  33.232
505,16.974,  23.193,  17.268,  19.307,  23.063,  17.868,  12.913,  12.387,  17.910,  16.220,  14.119,  24.069,  33.216
506,17.211,  26.556,  17.068,  18.188,  23.603,  18.151,  13.455,  12.399,  18.521,  16.449,  14.374,  23.449,  33.734
507,17.449,  27.227,  17.257,  16.489,  23.741,  18.470,  13.731,  12.692,  18.786,  16.399,  14.985,  22.536,  34.703
508,17.687,  25.515,  18.537,  15.229,  23.923,  18.845,  13.952,  12.780,  19.166,  16.419,  15.709,  21.918,  35.135
509,17.923,  26.726,  16.671,  14.577,  23.689,  18.903,  13.902,  12.781,  19.520,  16.173,  17.018,  22.477,  35.705
510,18.152,  24.581,  16.885,  14.218,  23.239,  19.286,  13.753,  12.876,  19.369,  16.400,  17.800,  23.284,  35.750
511,18.375,  21.963,  16.383,  14.215,  23.066,  19.281,  14.067,  13.216,  19.886,  16.018,  18.261,  23.195,  35.923
512,18.593,  21.302,  16.982,  14.093,  23.774,  19.292,  14.021,  13.400,  19.695,  16.283,  18.223,  23.355,  37.220
513,18.808,  19.692,  16.647,  14.027,  24.505,  19.044,  13.943,  13.928,  19.548,  16.219,  18.179,  23.861,  37.867
514,19.023,  19.523,  16.255,  13.877,  23.691,  19.089,  13.961,  14.263,  19.937,  16.253,  18.137,  24.323,     NaN
515,19.234,  18.916,  15.107,  14.687,  23.310,  19.142,  13.900,  14.349,  19.832,  16.546,  17.602,  24.762,     NaN
516,19.441,  19.347,  14.278,  15.612,  23.106,  18.928,  14.254,  14.904,  19.977,  16.364,  17.545,  24.492,     NaN
517,19.644,  20.114,  14.612,  17.567,  23.699,  19.807,  14.632,  15.559,  20.127,  16.358,  17.428,  25.373,     NaN
518,19.844,  20.628,  16.330,  18.172,  22.493,  21.021,  14.575,  16.270,  19.776,  17.011,  16.656,  27.321,     NaN
519,20.043,  21.342,  17.256,  19.007,  21.553,  21.532,  14.127,  16.937,  20.103,  17.373,  16.439,  27.546,     NaN
520,20.242,  22.222,  17.867,  19.192,  21.014,  21.918,  14.222,  17.667,  20.533,  17.820,  16.796,  27.703,     NaN
521,20.439,  24.201,  19.753,  19.467,  21.685,  21.234,  14.264,  18.116,  21.584,  18.006,  16.807,  27.731,     NaN
522,20.64,  24.662,  21.214,  19.403,  22.956,  20.226,  13.955,  18.231,  22.729,  17.286,  17.853,  27.423,     NaN
523,20.848,  24.174,  21.261,  19.169,  23.905,  19.499,  13.898,  18.305,  23.073,  17.354,  17.953,  27.886,     NaN
524,21.067,  22.513,  22.011,  18.742,  25.003,  19.180,  14.065,  19.549,  23.848,  17.430,  18.736,  29.181,     NaN
525,21.296,  21.186,  21.234,  18.442,  25.114,  19.697,  14.385,  19.861,  24.598,  18.058,  19.488,  30.802,     NaN
526,21.534,  21.909,  21.822,  19.486,  25.001,  20.971,  14.378,  20.360,  24.899,  18.151,  20.967,  31.631,     NaN
527,21.78,  22.624,  21.202,  19.974,  24.726,  21.433,  14.144,  20.393,  25.127,  18.320,  22.067,  32.165,     NaN
528,22.035,  22.699,  20.113,  20.105,  25.759,  21.769,  14.297,  21.435,  25.010,  19.033,  22.399,  32.555,     NaN
529,22.295,  22.542,  18.226,  20.876,  26.595,  21.963,  15.303,  21.938,  24.890,  20.115,  22.922,  32.820,     NaN
530,22.559,  22.132,  18.743,  20.428,  26.654,  22.570,  15.532,  22.836,  26.056,  20.937,  23.153,  33.743,     NaN
531,22.819,  21.120,  19.244,  20.377,  26.410,  23.471,  15.363,  23.849,  26.480,  21.442,  23.224,  34.175,     NaN
601,23.073,  22.895,  19.558,  21.159,  26.217,  24.325,  15.261,  24.202,  26.781,  21.751,  22.889,  34.181,     NaN
602,23.32,  22.585,  18.765,  21.520,  24.345,  24.756,  14.631,  23.949,  27.506,  21.511,  23.221,  34.799,     NaN
603,23.558,  21.633,  18.082,  21.182,  23.695,  24.802,  14.118,  23.520,  28.337,  21.753,  23.411,  34.544,     NaN
604,23.787,  21.372,  17.415,  20.294,  24.064,  24.974,  14.279,  23.289,  28.964,  22.140,  23.642,  35.510,     NaN
605,24.009,  23.180,  18.508,  19.515,  24.742,  25.353,  14.818,    -NaN,  29.527,  22.070,  23.892,  38.210,     NaN
606,24.225,  24.590,  20.265,  20.063,  25.608,  25.901,  14.401,  23.631,  29.633,  21.907,  23.974,  40.674,     NaN
607,24.439,  26.303,  20.889,  19.806,  25.586,  25.099,  14.756,  23.996,  29.607,  21.800,  24.054,  42.361,     NaN
608,24.649,  26.109,  21.519,  19.977,  24.710,  24.980,  15.498,  24.201,  29.455,  21.278,  24.147,  43.818,     NaN
609,24.856,  25.477,  21.634,  19.215,  25.367,  25.471,  16.455,  24.674,  30.285,  20.813,  24.709,  44.324,     NaN
610,25.06,  24.153,  21.507,  19.574,  27.479,  25.635,  17.287,  24.502,  31.738,  20.423,  23.911,  45.252,     NaN
611,25.259,  26.133,  19.942,  20.791,  27.519,  25.954,  16.973,  25.079,  32.418,  20.752,  24.395,  46.137,     NaN
612,25.452,  28.733,  19.560,  22.389,  26.466,  25.848,  16.761,  25.038,  33.278,  21.116,  24.941,  46.449,     NaN
613,25.639,  28.831,  18.759,  22.359,  26.233,  25.822,  16.203,  25.108,  34.168,  21.054,  24.262,  46.382,     NaN
614,25.819,  27.168,    -NaN,  19.110,  25.678,  25.692,  14.636,  25.261,  34.255,  21.037,  25.302,  45.671,     NaN
615,25.997,  26.029,    -NaN,  17.418,  27.242,  25.954,  15.283,  25.284,  34.507,  22.529,  25.028,  45.151,     NaN
616,26.179,  26.051,    -NaN,  17.012,  27.766,  25.786,  15.432,  25.282,  34.400,  22.985,  24.906,  44.458,     NaN
617,26.366,  25.175,    -NaN,  17.838,  27.996,  26.180,  16.141,  25.258,  34.125,  23.180,  25.583,  44.230,     NaN
618,26.557,  25.395,  18.717,  17.732,  28.253,  26.486,  16.869,  25.171,  34.425,  23.030,  26.290,  44.392,     NaN
619,26.755,  25.521,  20.865,  19.564,  27.880,  25.973,  17.754,  24.755,  33.940,  24.650,  25.683,  44.489,     NaN
620,26.958,  24.903,  20.731,  18.842,  27.947,  25.334,  19.222,  23.905,  33.634,  24.482,  26.085,  44.019,     NaN
621,27.168,  25.185,  20.785,  19.177,  28.507,  25.872,  20.346,  23.654,  33.392,  24.765,  26.173,  44.640,     NaN
622,27.381,  25.714,  23.887,  20.023,  28.739,  25.870,  21.061,  23.545,  33.102,  25.165,  26.858,  44.153,     NaN
623,27.594,  27.195,  24.814,  20.509,  27.091,  26.085,  20.577,  23.605,  32.945,  24.826,  28.689,  43.268,     NaN
624,27.801,  28.108,  23.859,  22.778,  27.359,  26.740,  19.669,  23.809,  31.825,  26.131,  30.071,  43.674,     NaN
625,28.006,  27.739,  24.797,  23.863,  27.109,  26.402,  18.443,  24.948,  30.691,  26.992,  30.542,  44.224,     NaN
626,28.209,  28.059,  24.199,  21.468,  27.517,  25.832,  18.180,  27.388,  31.630,  27.440,  30.576,  44.585,     NaN
627,28.409,  28.178,  24.672,  21.345,  28.020,  25.594,  16.783,  27.906,  32.802,  27.981,  30.669,  43.844,     NaN
628,28.611,  28.426,  23.019,  21.219,  29.102,  26.340,  15.258,  28.571,  32.331,  28.066,  30.030,  44.591,     NaN
629,28.816,  29.340,  23.401,  22.505,  29.538,  26.477,  14.916,  28.014,  32.484,  27.584,  29.837,  45.711,     NaN
630,29.029,  29.513,  23.151,  22.224,  30.044,  27.197,  15.327,  26.252,  33.468,  27.534,  29.563,  46.261,     NaN
701,29.255,  29.265,  23.172,  22.925,  30.430,  28.239,  15.804,  24.702,  35.181,  27.121,  29.803,  46.617,     NaN
702,29.491,  28.890,  24.359,  24.165,  30.646,  28.762,  15.584,  24.646,  35.122,  26.735,  30.728,  47.309,     NaN
703,29.741,  27.763,  25.224,  24.201,  30.018,  29.044,  17.358,  25.674,  35.968,  27.453,  31.133,  47.430,     NaN
704,29.999,  29.382,  25.971,  22.445,  29.693,  30.044,  19.049,  27.056,  36.252,  28.641,  31.194,  47.606,     NaN
705,30.264,  30.384,  25.582,  22.724,  29.883,  31.433,  18.481,  28.252,  36.545,  29.046,  30.938,  47.640,     NaN
706,30.531,  31.421,  26.378,  22.888,  29.266,  32.354,  19.880,  29.379,  36.957,  28.571,  31.485,  48.361,     NaN
707,30.798,  32.109,  26.854,  23.923,  30.383,  32.107,  19.122,  29.831,  37.769,  27.916,  32.105,  49.320,     NaN
708,31.062,  32.674,  28.508,  25.054,  31.325,  32.944,  19.734,  30.397,  38.295,  27.238,  32.531,  48.896,     NaN
709,31.326,  32.760,  28.320,  25.644,  32.537,  32.067,  21.299,  29.930,  38.549,  26.544,  32.110,  48.875,     NaN
710,31.589,  33.308,  29.132,  26.453,  33.040,  32.359,  21.036,  29.796,  38.511,  26.261,  31.371,  48.743,     NaN
711,31.858,  33.757,  29.062,  27.532,  32.757,  32.083,  21.989,  31.326,  37.232,  26.058,  30.627,  48.899,     NaN
712,32.136,  33.289,  27.599,  28.970,  32.293,  32.960,  21.149,  31.875,  36.472,  25.784,  30.985,  48.361,     NaN
713,32.423,  32.959,  30.015,  30.776,  31.953,  33.285,  20.771,  32.298,  37.489,  27.891,  31.780,  48.773,     NaN
714,32.723,  31.906,  27.367,  29.196,  33.462,  33.658,  19.522,  32.190,  37.358,  27.622,  31.550,  49.606,     NaN
715,33.034,  33.182,  26.329,  31.319,  34.825,  34.943,  21.593,  31.692,  37.490,  27.029,  31.199,  50.001,     NaN
716,33.355,  34.304,  27.142,  30.556,  34.992,  35.704,  22.755,  31.333,  38.461,  28.197,  31.918,  50.101,     NaN
717,33.684,  35.498,  29.867,  28.421,  35.236,  36.244,  23.106,  31.301,  40.888,  29.015,  32.733,  50.001,     NaN
718,34.017,  37.187,  29.741,  29.095,  36.033,  36.243,  23.157,  32.354,  42.213,  29.095,  33.064,  50.890,     NaN
719,34.351,  37.650,  30.525,  30.428,  36.703,  36.590,  22.805,  32.462,  43.250,  28.199,  33.083,  51.027,     NaN
720,34.683,  36.200,  28.324,  30.765,  36.298,  36.628,  22.380,  32.772,  44.273,  28.979,  33.144,  51.569,     NaN
721,35.013,  35.481,  29.031,  31.976,  35.900,  36.432,  23.490,  33.594,  45.317,  29.568,  33.651,  51.515,     NaN
722,35.342,  32.757,  28.600,  31.274,  35.780,  36.503,  22.956,  33.900,  45.602,  29.358,  33.828,  52.566,     NaN
723,35.672,  32.403,  29.166,  32.098,  36.172,  37.479,  23.015,  34.897,  44.568,  29.544,  33.903,  53.261,     NaN
724,36.007,  32.840,  28.473,  32.745,  36.863,  37.831,  24.117,  34.743,  44.000,  29.789,  34.021,  53.433,     NaN
725,36.349,  32.684,  28.305,  31.335,  37.344,  38.144,  25.281,  34.837,  43.191,  30.305,  34.820,  54.072,     NaN
726,36.696,  33.047,  27.772,  30.580,  37.451,  38.949,  25.706,  34.908,  43.941,  31.169,  35.666,  54.254,     NaN
727,37.052,  34.966,  26.465,  28.600,  38.290,  39.334,  26.254,  35.026,  43.897,  33.164,  36.695,  54.734,     NaN
728,37.416,  37.309,  26.240,  26.243,  39.211,  40.139,  26.447,  36.125,  43.626,  35.156,  37.386,  55.749,     NaN
729,37.782,  39.423,  28.690,  25.587,  40.659,  41.057,  26.574,  37.239,  43.978,  35.620,  38.086,  55.473,     NaN
730,38.148,  40.829,  30.231,  25.439,  41.175,  41.156,  26.555,  38.456,  43.733,  35.680,  38.272,  55.826,     NaN
731,38.507,  41.890,  31.569,  27.368,  40.827,  41.216,  27.070,  39.103,  43.411,  35.465,  37.536,  57.358,     NaN
801,38.857,  41.793,  32.996,  30.368,  41.113,  40.466,  26.366,  40.504,  44.285,  36.217,  37.267,  57.413,     NaN
802,39.202,  38.866,  34.746,  32.906,  40.751,  39.805,  26.514,  41.024,  44.580,  37.403,  36.054,  58.949,     NaN
803,39.54,  38.081,  35.141,  34.590,  41.111,  40.217,  26.966,  41.297,  45.887,  38.178,  36.053,  59.468,     NaN
804,39.874,  38.780,  35.846,  35.255,  41.672,  40.587,  26.562,  40.965,  46.852,  38.327,  36.615,  60.244,     NaN
805,40.21,  38.052,  35.182,  35.761,  42.822,  40.594,  26.191,  41.476,  48.036,  39.122,  37.803,  60.534,     NaN
806,40.551,  36.121,  34.725,  35.668,  44.299,  41.723,  25.726,  41.343,  48.325,  39.672,  38.443,  60.763,     NaN
807,40.902,  37.538,  35.738,  36.401,  45.948,  41.823,  25.054,  41.677,  47.606,  39.564,  38.623,  60.454,     NaN
808,41.264,  40.052,  36.355,  37.147,  46.990,  42.130,  24.887,  42.357,  47.195,  39.574,  38.519,  60.241,     NaN
809,41.638,  42.694,  36.615,  38.488,  46.053,  42.531,  25.782,  43.057,  47.168,  40.190,  39.039,  60.633,     NaN
810,42.021,  44.502,  36.414,  39.157,  46.238,  43.396,  26.678,  43.623,  47.271,  40.396,  39.767,  62.230,     NaN
811,42.408,  45.553,  36.792,  40.006,  46.626,  43.558,  28.066,  44.655,  47.737,  40.401,  40.347,  63.043,     NaN
812,42.798,  45.745,  35.890,  40.528,  46.773,  44.101,  29.387,  44.096,  48.062,  40.846,  41.296,  62.835,     NaN
813,43.187,  43.653,  35.839,  40.490,  46.983,  44.880,  30.417,  44.338,  48.353,  41.358,  42.160,  62.170,     NaN
814,43.57,  44.177,  35.765,  42.643,  47.167,  45.382,  30.942,  43.540,  48.111,  41.800,  42.393,  62.193,     NaN
815,43.946,  47.603,  35.208,  43.347,  46.303,  45.067,  31.988,  42.571,  47.830,  41.950,  43.901,  61.322,     NaN
816,44.316,  46.275,  35.142,  43.103,  45.537,  45.454,  32.422,  41.738,  48.293,  41.780,  44.419,  59.828,     NaN
817,44.68,  46.479,  36.254,  42.746,  45.493,  46.245,  33.381,  42.722,  48.812,  42.519,  45.478,  59.617,     NaN
818,45.04,  47.422,  36.767,  40.320,  44.639,  46.367,  34.103,  42.374,  48.981,  43.230,  45.684,  60.250,     NaN
819,45.401,  46.624,  37.847,  39.390,  43.512,  45.818,  34.739,  43.472,  49.017,  42.646,  46.109,  61.330,     NaN
820,45.763,  47.391,  39.069,  37.400,  43.790,  44.705,  35.064,  44.253,  50.025,  41.807,  46.260,  62.720,     NaN
821,46.129,  46.651,  40.362,  36.275,  45.266,  45.472,  35.696,  45.556,  51.302,  41.861,  46.433,  63.266,     NaN
822,46.497,  45.686,  41.880,  36.578,  47.338,  45.336,  36.276,  45.939,  52.060,  41.717,  47.153,  63.371,     NaN
823,46.868,  44.917,  43.080,  37.683,  48.246,  45.572,  36.817,  46.513,  52.465,  42.065,  47.279,  64.240,     NaN
824,47.237,  46.314,  43.311,  39.530,  48.320,  46.389,  37.095,  46.582,  53.296,  42.024,  48.525,  65.336,     NaN
825,47.602,  48.073,  44.605,  41.256,  48.177,  47.547,  37.539,  46.943,  52.831,  42.044,  49.755,  67.343,     NaN
826,47.962,  49.277,  42.561,  42.837,  48.719,  48.668,  37.536,  46.971,  52.583,  41.989,  50.237,  68.729,     NaN
827,48.316,  48.171,  42.633,  43.371,  50.191,  50.455,  37.146,  47.920,  52.104,  42.428,  50.223,  70.240,     NaN
828,48.665,  47.696,  42.526,  43.479,  50.221,  51.761,  36.004,  48.753,  51.727,  43.125,  50.457,  71.802,     NaN
829,49.01,  49.819,  42.842,  44.885,  49.574,  53.084,  35.879,  49.844,  50.618,  43.776,  50.270,  71.404,     NaN
830,49.352,  52.354,  43.784,  46.564,  49.115,  53.314,  36.090,  50.817,  50.036,  44.786,  49.156,  70.013,     NaN
831,49.693,  51.431,  44.241,  46.973,  48.892,  53.556,  37.039,  50.953,  51.640,  45.683,  49.052,  69.039,     NaN
901,50.034,  53.077,  43.741,  47.304,  48.288,  53.539,  37.406,  51.702,  53.000,  45.779,  48.932,  68.571,     NaN
902,50.373,  51.800,  43.134,  48.719,  46.176,  54.790,  37.586,  52.223,  54.283,  46.387,  48.905,  68.724,     NaN
903,50.712,  50.837,  43.681,  49.487,  45.259,  55.470,  37.868,  53.189,  55.332,  47.043,  49.575,  69.468,     NaN
904,51.047,  49.922,  43.096,  51.680,  46.231,  56.318,  38.230,  54.046,  55.930,  46.233,  50.284,  70.374,     NaN
905,51.377,  50.190,  42.544,  52.779,  47.490,  56.545,  38.753,  55.120,  56.066,  45.943,  51.159,  70.654,     NaN
906,51.704,  50.845,  44.479,  53.034,  48.731,  56.677,  39.824,  55.837,  55.981,  45.842,  52.447,  71.867,     NaN
907,52.026,  51.105,  45.837,  54.417,  48.922,  55.353,  40.870,  56.516,  55.388,  46.346,  53.705,  72.055,     NaN
908,52.343,  52.124,  47.679,  54.636,  49.242,  53.750,  41.471,  57.502,  55.439,  46.261,  54.570,  72.520,     NaN
909,52.654,  53.194,  47.570,  56.246,  49.310,  53.060,  42.421,  58.567,  55.489,  47.439,  56.048,  72.015,     NaN
910,52.959,  53.527,  47.014,  56.302,  48.646,  53.345,  42.928,  58.990,  56.386,  48.305,  56.992,  71.590,     NaN
911,53.257,  53.313,  46.062,  55.299,  48.899,  53.220,  43.511,  59.078,  57.179,  48.517,  57.267,  71.049,     NaN
912,53.544,  53.003,  45.635,  53.359,  49.123,  53.397,  43.469,  59.376,  58.027,  48.852,  57.138,  71.496,     NaN
913,53.819,  53.174,  47.347,  53.032,  49.057,  53.961,  43.094,  59.588,  58.337,  49.445,  56.832,  72.357,     NaN
914,54.081,    -NaN,  47.932,  52.491,  50.535,  54.313,  43.712,  59.076,  59.002,  49.651,  56.464,  73.399,     NaN
915,54.329,    -NaN,  47.030,  51.399,  51.016,  55.747,  43.947,  59.822,  58.316,  50.623,  56.448,  74.224,     NaN
916,54.558,    -NaN,  45.900,  51.321,  52.568,  56.223,  44.424,  59.008,  58.241,  51.803,  56.223,  74.113,     NaN
917,54.768,    -NaN,  48.549,  49.295,  53.351,  55.516,  44.871,  58.465,  58.015,  51.624,  56.345,  74.608,     NaN
918,54.959,  53.038,  48.229,  50.750,  53.403,  55.364,  45.080,  57.750,  57.685,  51.938,  55.516,  75.410,     NaN
919,55.131,  54.002,  48.838,  52.809,  52.791,  54.679,  44.212,  57.752,  57.699,  52.264,  54.521,  75.496,     NaN
920,55.286,  54.024,  49.508,  53.489,  53.147,  53.886,  42.500,  57.771,  57.315,  53.082,  53.930,  75.945,     NaN
921,55.423,  55.954,  50.216,  55.229,  54.403,  53.463,  43.468,  58.087,  58.134,  53.196,  54.129,  75.415,     NaN
922,55.543,  56.813,  49.196,  54.897,  53.639,  53.310,  43.394,  57.826,  59.184,  53.985,  54.562,  75.131,     NaN
923,55.648,  57.060,  49.762,  55.937,  54.698,  54.568,  43.560,  57.399,  61.236,  54.686,  54.966,  74.646,     NaN
924,55.741,  56.428,  50.347,  56.544,  56.185,  54.852,  43.745,  58.718,  62.518,  54.940,  55.646,  74.857,     NaN
925,55.823,  57.697,  51.596,  57.091,  56.326,  53.394,  43.419,  58.951,  62.969,  54.992,  56.447,  74.700,     NaN
926,55.898,  56.502,  52.420,  59.799,  57.389,  53.778,  42.596,  58.977,  65.117,  55.884,  56.297,  74.626,     NaN
927,55.964,  55.249,  51.619,  62.054,  57.220,  53.966,  42.634,  58.375,  65.370,  56.843,  56.237,  74.208,     NaN
928,56.024,    -NaN,  50.579,  63.036,  56.580,  54.073,  42.656,  58.189,  65.055,  57.304,  56.131,  73.787,     NaN
929,56.078,    -NaN,  51.391,  62.946,  55.122,  54.179,  43.008,  58.374,  63.317,  57.856,  56.045,  73.982,     NaN
930,56.131,    -NaN,  50.234,  62.606,  52.882,  54.578,  43.798,  59.468,  62.060,  58.466,  55.592,  74.610,     NaN
1001,56.184,    -NaN,  49.612,  63.097,  51.298,  53.815,  43.714,  59.488,  60.427,  57.563,  55.452,  74.258,     NaN
1002,56.234,    -NaN,  49.319,  63.656,  50.901,  53.456,  44.880,  60.408,  58.842,  56.759,  54.508,  73.511,     NaN
1003,56.28,    -NaN,  48.280,  62.661,  50.601,  52.635,  45.597,  61.326,  57.730,  55.398,  54.965,  74.225,     NaN
1004,56.32,  54.948,  47.351,  61.704,  49.208,  52.422,  46.156,  61.361,  57.036,  54.637,  54.753,  74.158,     NaN
1005,56.354,  56.143,  46.977,  62.529,  47.359,  52.300,  46.242,  61.035,  57.054,  54.607,  55.643,  73.405,     NaN
1006,56.378,  56.926,  48.922,  61.306,  47.973,  52.283,  46.073,  61.276,  57.361,  53.668,  56.209,  73.559,     NaN
1007,56.386,  58.086,  51.166,  59.922,  46.911,  52.014,  45.720,  61.834,  56.619,  52.846,  56.229,  74.107,     NaN
1008,56.375,  56.936,  52.596,  59.282,  46.613,  51.571,  44.948,  61.505,  57.323,  52.917,  55.883,  75.183,     NaN
1009,56.346,  57.428,  54.811,  57.426,  47.855,  52.595,  45.014,  61.253,  57.119,  52.788,  54.742,  75.339,     NaN
1010,56.298,  58.592,  54.550,  57.697,  47.300,  53.033,  45.298,  60.740,  56.935,  53.089,  53.384,  75.703,     NaN
1011,56.236,  58.618,  54.413,  58.303,  45.711,  52.483,  45.532,  59.999,  56.700,  52.986,  53.546,  76.040,     NaN
1012,56.161,  57.938,  54.669,  58.772,  45.938,  53.336,  46.232,  60.085,  56.277,  53.562,  53.192,  76.064,     NaN
1013,56.078,  56.653,  53.544,  59.497,  47.309,  53.251,  46.986,  60.424,  56.128,  52.974,  53.267,  75.996,     NaN
1014,55.993,  55.629,  52.922,  61.331,  49.310,  53.302,  46.599,  60.086,  56.357,  53.349,  53.119,  76.156,     NaN
1015,55.91,  54.199,  52.544,  62.005,  50.936,  51.974,  46.396,  59.172,  56.371,  52.744,  53.106,  76.719,     NaN
1016,55.83,  54.816,  51.862,  60.802,  52.287,  50.342,  46.668,  58.787,  56.439,  54.319,  53.598,  77.762,     NaN
1017,55.754,  51.270,  52.240,  61.360,  54.836,  49.327,  46.491,  57.915,  56.359,  54.550,  53.577,  78.021,     NaN
1018,55.681,  59.736,  54.277,  62.214,  56.621,  48.365,  45.701,  57.933,  56.092,  54.395,  53.543,  77.223,     NaN
1019,55.61,  58.277,  54.493,  62.748,  56.094,  48.162,  44.462,  57.545,  56.674,  55.079,  54.082,  76.776,     NaN
1020,55.536,  57.747,  56.002,  62.566,  54.013,  49.581,  43.401,  57.702,  56.168,  54.592,  54.296,  75.129,     NaN
1021,55.455,  56.828,    -NaN,  62.730,  51.923,  48.450,  42.910,  58.414,  56.697,  54.792,  54.193,  73.877,     NaN
1022,55.361,  57.402,    -NaN,  62.878,  50.055,  48.057,  43.313,  58.315,  57.086,  54.325,  54.034,  72.459,     NaN
1023,55.254,  56.072,  56.252,  62.453,  49.080,  47.664,  43.236,  58.161,  56.960,  53.695,  54.686,  71.237,     NaN
1024,55.134,  55.413,  55.004,  62.470,  49.984,  47.607,  43.816,  57.859,  57.048,  52.254,  54.711,  71.787,     NaN
1025,54.994,  54.289,  54.017,  62.189,  50.275,  46.929,  44.755,  57.604,  57.080,  51.085,  55.078,  72.204,     NaN
1026,54.835,  54.509,  53.931,  61.839,  50.688,  46.760,  45.931,  57.552,  55.633,  51.018,  54.574,  72.406,     NaN
1027,54.657,  53.486,  53.586,  60.830,  50.728,  47.974,  47.079,  57.578,  54.243,  51.001,  54.551,  71.975,     NaN
1028,54.459,  54.570,  54.381,  60.255,  50.362,  49.505,  48.169,  57.471,  52.929,  50.758,  54.664,  70.896,     NaN
1029,54.242,  53.723,  55.363,  59.067,  50.906,  49.455,  48.819,  57.606,  51.821,  51.343,  54.894,  69.443,     NaN
1030,54.006,  52.892,  55.983,  58.733,  50.582,  49.439,  48.794,  57.670,  51.049,  51.150,  54.982,  69.055,     NaN
1031,53.743,  51.631,  56.747,  59.133,  51.229,  49.475,  49.514,  58.061,  50.466,  50.796,  54.352,  69.715,     NaN
1101,53.457,  51.439,  57.719,  58.534,  52.595,  49.278,  49.504,  58.623,  50.012,  51.136,  54.029,  70.166,     NaN
1102,53.151,  51.959,  57.433,  57.870,  53.199,  48.725,  50.194,  57.777,  49.017,  51.768,  54.127,  70.961,     NaN
1103,52.828,  51.804,  57.901,  56.658,  51.659,  48.222,  49.689,  57.513,  48.413,  52.265,  53.524,  70.760,     NaN
1104,52.488,  50.809,  57.151,  54.493,  52.170,  47.702,  48.866,  57.312,  48.129,  52.530,  52.810,  70.135,     NaN
1105,52.134,  51.617,  55.430,  54.492,  53.089,  47.814,  48.185,  56.838,  48.239,  52.858,  52.205,  68.738,     NaN
1106,51.769,  52.031,  54.512,  53.557,  51.676,  48.428,  47.335,  56.344,  48.548,  52.152,  52.128,  68.131,     NaN
1107,51.4,  52.899,  54.374,  53.234,  51.482,  48.364,  46.677,  54.761,  47.979,  51.289,  51.394,  67.501,     NaN
1108,51.028,  53.830,  51.611,  52.832,  51.350,  47.785,  46.307,  53.506,  47.199,  50.904,  50.951,  67.459,     NaN
1109,50.651,  51.580,  50.823,  50.231,  52.614,  47.680,  45.834,  52.231,  47.392,  50.994,  49.759,  67.301,     NaN
1110,50.266,  49.903,  51.887,  49.249,  52.854,  48.077,  45.470,  51.164,  47.633,  50.848,  49.563,  67.173,     NaN
1111,49.875,  50.183,  50.812,  48.537,  52.334,  48.255,  44.144,  50.735,  47.683,  50.574,  49.640,  66.574,     NaN
1112,49.477,  47.329,  49.346,  47.279,  50.172,  47.657,  43.290,  50.166,  47.833,  49.732,  49.569,  65.204,     NaN
1113,49.07,  45.527,  49.671,  47.049,  49.206,  47.097,  41.959,  49.675,  47.570,  48.999,  49.001,  63.624,     NaN
1114,48.651,  44.586,  49.205,  47.216,  50.316,  46.345,  41.410,  50.152,  47.276,  48.291,  47.870,  62.475,     NaN
1115,48.219,  44.157,  48.819,  47.024,  50.172,  44.947,  41.238,  49.585,  46.691,  48.026,  47.111,  61.665,     NaN
1116,47.775,  44.595,  47.461,  45.760,  49.963,  45.038,  40.447,  50.281,  45.607,  47.645,  46.687,  59.996,     NaN
1117,47.322,  45.821,  46.076,  43.568,  50.014,  44.236,  39.461,  49.833,  45.095,  46.674,  46.102,  58.686,     NaN
1118,46.859,  45.760,  45.673,  41.930,  49.442,  44.002,  38.134,  50.233,  44.222,  45.582,  44.271,  58.446,     NaN
1119,46.384,  44.841,  45.561,  40.709,  49.711,  44.002,  37.314,  50.033,  43.347,  45.039,  43.634,  57.564,     NaN
1120,45.898,  46.023,  44.934,  40.842,  48.609,  44.365,  36.755,  49.302,  41.700,  44.672,  43.072,  56.022,     NaN
1121,45.402,  46.033,  44.981,  41.704,  48.044,  45.324,  36.032,  48.630,  40.400,  44.059,  42.237,  55.516,     NaN
1122,44.901,  44.368,  44.068,  41.066,  46.327,  45.531,  35.136,  48.111,  39.798,  44.143,  41.539,  56.246,     NaN
1123,44.394,  43.447,  42.765,  40.830,  45.997,  45.313,  34.363,  47.537,  39.968,  44.472,  40.325,  56.607,     NaN
1124,43.878,  43.650,  43.019,  40.958,  46.139,  45.684,  34.299,  47.129,  39.905,  44.296,  39.565,  57.066,     NaN
1125,43.355,  43.480,  43.031,  40.456,  45.563,  45.573,  33.809,  46.583,  40.068,  44.577,  38.181,  57.082,     NaN
1126,42.829,  44.507,  41.549,  39.281,  45.401,  45.192,  33.061,  46.316,  40.067,  44.650,  37.065,  56.488,     NaN
1127,42.3,  44.277,  40.546,  38.258,  44.449,  45.284,  32.567,  45.650,  39.313,  44.046,  36.973,  55.460,     NaN
1128,41.769,  44.213,  40.715,  37.880,  44.038,  44.755,  31.800,  44.957,  38.526,  44.027,  36.089,  55.324,     NaN
1129,41.233,  43.857,  40.839,  37.950,  43.974,  43.598,  32.128,  44.005,  38.084,  44.092,  35.494,  54.759,     NaN
1130,40.694,  42.976,  42.280,  37.637,  43.523,  43.238,  32.066,  43.393,  37.773,  43.569,  34.891,  54.619,     NaN
1201,40.156,  41.915,  41.976,  37.495,  43.866,  42.996,  31.987,  43.509,  37.710,  43.127,  34.475,  53.952,     NaN
1202,39.616,  41.826,  41.383,  37.351,  43.690,  42.455,  31.434,  43.420,  36.892,  42.858,  33.614,  53.612,     NaN
1203,39.077,  40.535,  39.247,  37.273,  43.153,  42.072,  30.553,  43.911,  36.522,  41.675,  32.825,  53.230,     NaN
1204,38.534,  39.989,  37.785,  36.656,  42.339,  42.035,  29.501,  44.026,  35.942,  40.763,  32.025,  52.333,     NaN
1205,37.99,  41.165,  37.180,  34.893,  42.213,  41.576,  28.625,  42.878,  35.435,  40.076,  31.732,  51.594,     NaN
1206,37.442,  40.265,  36.857,  34.570,  42.336,  41.317,  27.968,  42.729,  35.304,  39.397,  31.596,  50.275,     NaN
1207,36.891,  39.843,  36.218,  34.653,  40.525,  41.393,  28.044,    -NaN,  34.182,  38.700,  31.781,  50.291,     NaN
1208,36.332,  38.645,  34.142,  33.842,  39.315,  39.388,  27.302,  41.651,  33.773,  36.797,  30.786,  48.494,     NaN
1209,35.766,  38.414,  33.223,  32.871,  37.912,  37.950,  26.709,  41.132,  33.913,  35.386,  30.745,  48.496,     NaN
1210,35.193,  38.152,  33.248,  32.434,  37.836,  37.093,  25.929,  40.108,  33.672,  34.925,  30.301,  47.521,     NaN
1211,34.616,  37.965,  32.452,  31.474,  37.927,  36.094,  25.361,  38.908,  33.118,  34.463,  29.748,  46.717,     NaN
1212,34.035,  36.686,  31.691,  30.730,  36.839,  35.220,  24.524,  37.146,  32.969,  33.799,  29.146,  45.845,     NaN
1213,33.451,  34.332,  30.595,  30.344,  35.785,  34.979,  23.543,  35.829,  32.507,  32.929,  28.793,  44.853,     NaN
1214,32.864,  33.890,  30.403,  30.241,  35.222,  34.129,  22.724,  35.148,  31.983,  32.651,  28.087,  43.841,     NaN
1215,32.278,  32.681,  30.110,    -NaN,  33.858,  33.666,  22.164,  35.015,  32.000,  31.835,  27.218,  42.651,     NaN
1216,31.701,  30.892,  29.826,    -NaN,  33.393,  33.483,  21.877,  33.822,  31.962,  30.898,  27.016,  42.030,     NaN
1217,31.074,  28.546,  31.877,  29.357,  32.170,  33.526,  21.013,  33.215,  30.820,  30.281,  26.025,  41.330,     NaN
1218,30.474,  26.105,  30.210,  29.043,  31.558,  32.781,  20.118,  32.553,  30.575,  29.062,  25.707,  40.911,     NaN
1219,29.838,  25.198,  30.298,  28.431,  31.271,  31.800,  19.510,  31.908,  30.536,  28.464,  25.354,  40.266,     NaN
1220,29.215,  25.830,  28.877,  27.961,  30.898,  31.000,  18.992,  31.124,  29.974,  27.581,  24.814,  39.841,     NaN
1221,28.595,  25.837,  29.475,    -NaN,  30.494,  31.305,  18.615,  30.511,  29.360,  26.849,  24.353,  39.168,     NaN
1222,27.978,  24.847,  28.933,  25.772,  29.494,  30.191,  18.659,  30.040,  28.654,  26.155,  23.826,  38.054,     NaN
1223,27.367,  24.556,  28.930,  25.037,  27.703,  29.486,  18.120,  29.392,  28.041,  26.109,  23.043,  37.165,     NaN
1224,26.763,  24.568,  28.060,  24.527,  27.180,  28.931,  17.616,  28.186,  27.443,  24.817,  22.429,  36.965,     NaN
1225,26.167,    -NaN,  27.033,  24.035,  25.600,  28.263,  17.225,  26.835,  26.754,  24.050,  21.561,  36.904,     NaN
1226,25.582,  23.243,  27.313,  22.824,  24.266,  27.308,  16.656,  26.836,  26.698,  23.651,  20.533,  37.039,     NaN
1227,25.008,  22.264,  27.488,  22.057,  23.613,  26.292,  16.392,  26.463,  26.303,  23.682,  20.112,  37.939,     NaN
1228,24.445,  21.828,  26.874,  21.433,  23.157,  25.621,  15.894,  26.429,  25.801,  23.483,  19.306,  38.427,     NaN
1229,23.892,  20.800,  26.134,  21.103,  22.473,  25.114,  15.319,  26.966,  25.374,  23.324,  19.010,  38.470,     NaN
1230,23.352,  20.729,  24.997,  20.343,  21.848,  24.268,  14.776,  27.205,  25.483,  22.624,  18.970,  38.563,     NaN
1231,22.827,  21.304,  25.580,  19.651,  21.470,  23.523,  14.100,  27.264,  25.998,  22.430,  18.648,  38.533,     NaN
